dataset_schema,tracker_version,structure_version,realf_engine,fatigue_version,flow_confidence_version,mtf_source,git_commit,code_fingerprint,run_id,seq,snapshot_id,symbol,provider,market,coin_class,coin_rank,whale_threshold_usd,captured_at_ms,captured_at_local,clock_offset_ms,clock_synced,kline_asof_ms,flow_asof_ms,prev_snapshot_age_sec,bar_open_time,bar_close_time,is_bar_closed,bar_progress_sec,price,chg_1m_pct,realf_score,realf_state,realf_ready,realf_bars,realf_impact,realf_memory,realf_momentum,realf_activity,realf_unpriced_flow,realf_fast_price,realf_fast_flow,realf_beta,realf_beta_r2,realf_rvol,realf_percentile,realf_persistence,realf_net_pct,realf_whale,realf_component_spread,realf_component_agreement,realf_implied_price,realf_implied_gap_pct,realf_source,kline_gaps_300,zero_volume_share_300,realf_source_quality,realf_now,realf_1m_ago,realf_3m_ago,realf_5m_ago,realf_d1,realf_d3,realf_d5,unpriced_now,unpriced_d1,unpriced_d3,unpriced_d5,fatigue_now,fatigue_1m_ago,fatigue_3m_ago,fatigue_5m_ago,fatigue_delta_1m,fatigue_delta_3m,fatigue_delta_5m,absolute_fatigue,relative_rank,tf_1m_bars,tf_1m_source,fat_1m,fat_1m_state,fat_1m_abs,fat_1m_rank,fat_1m_ready,fat_1m_rank_window,str_1m_score,str_1m_state,str_1m_event,str_1m_ext_seq,str_1m_int_seq,str_1m_regime,str_1m_conf,str_1m_ready,str_1m_regime_ready,str_1m_confirmed_bars,str_1m_event_age,str_1m_event_strength,str_1m_event_time_ms,str_1m_protected_type,str_1m_protected_level,str_1m_protected_distance_atr,str_1m_nearest_eqh,str_1m_eqh_distance_atr,str_1m_eqh_touches,str_1m_nearest_eql,str_1m_eql_distance_atr,str_1m_eql_touches,str_1m_eqh_active,str_1m_eql_active,str_1m_liq_ref_high,str_1m_liq_ref_low,str_1m_last_liq_event,str_1m_liq_event_age,str_1m_liq_event_level,str_1m_sweep_event,str_1m_sweep_forming,str_1m_atr_pct,tf_3m_bars,tf_3m_source,fat_3m,fat_3m_state,fat_3m_abs,fat_3m_rank,fat_3m_ready,fat_3m_rank_window,str_3m_score,str_3m_state,str_3m_event,str_3m_ext_seq,str_3m_int_seq,str_3m_regime,str_3m_conf,str_3m_ready,str_3m_regime_ready,str_3m_confirmed_bars,str_3m_event_age,str_3m_event_strength,str_3m_event_time_ms,str_3m_protected_type,str_3m_protected_level,str_3m_protected_distance_atr,str_3m_nearest_eqh,str_3m_eqh_distance_atr,str_3m_eqh_touches,str_3m_nearest_eql,str_3m_eql_distance_atr,str_3m_eql_touches,str_3m_eqh_active,str_3m_eql_active,str_3m_liq_ref_high,str_3m_liq_ref_low,str_3m_last_liq_event,str_3m_liq_event_age,str_3m_liq_event_level,str_3m_sweep_event,str_3m_sweep_forming,str_3m_atr_pct,tf_5m_bars,tf_5m_source,fat_5m,fat_5m_state,fat_5m_abs,fat_5m_rank,fat_5m_ready,fat_5m_rank_window,str_5m_score,str_5m_state,str_5m_event,str_5m_ext_seq,str_5m_int_seq,str_5m_regime,str_5m_conf,str_5m_ready,str_5m_regime_ready,str_5m_confirmed_bars,str_5m_event_age,str_5m_event_strength,str_5m_event_time_ms,str_5m_protected_type,str_5m_protected_level,str_5m_protected_distance_atr,str_5m_nearest_eqh,str_5m_eqh_distance_atr,str_5m_eqh_touches,str_5m_nearest_eql,str_5m_eql_distance_atr,str_5m_eql_touches,str_5m_eqh_active,str_5m_eql_active,str_5m_liq_ref_high,str_5m_liq_ref_low,str_5m_last_liq_event,str_5m_liq_event_age,str_5m_liq_event_level,str_5m_sweep_event,str_5m_sweep_forming,str_5m_atr_pct,tf_15m_bars,tf_15m_source,fat_15m,fat_15m_state,fat_15m_abs,fat_15m_rank,fat_15m_ready,fat_15m_rank_window,str_15m_score,str_15m_state,str_15m_event,str_15m_ext_seq,str_15m_int_seq,str_15m_regime,str_15m_conf,str_15m_ready,str_15m_regime_ready,str_15m_confirmed_bars,str_15m_event_age,str_15m_event_strength,str_15m_event_time_ms,str_15m_protected_type,str_15m_protected_level,str_15m_protected_distance_atr,str_15m_nearest_eqh,str_15m_eqh_distance_atr,str_15m_eqh_touches,str_15m_nearest_eql,str_15m_eql_distance_atr,str_15m_eql_touches,str_15m_eqh_active,str_15m_eql_active,str_15m_liq_ref_high,str_15m_liq_ref_low,str_15m_last_liq_event,str_15m_liq_event_age,str_15m_liq_event_level,str_15m_sweep_event,str_15m_sweep_forming,str_15m_atr_pct,tf_1h_bars,tf_1h_source,fat_1h,fat_1h_state,fat_1h_abs,fat_1h_rank,fat_1h_ready,fat_1h_rank_window,str_1h_score,str_1h_state,str_1h_event,str_1h_ext_seq,str_1h_int_seq,str_1h_regime,str_1h_conf,str_1h_ready,str_1h_regime_ready,str_1h_confirmed_bars,str_1h_event_age,str_1h_event_strength,str_1h_event_time_ms,str_1h_protected_type,str_1h_protected_level,str_1h_protected_distance_atr,str_1h_nearest_eqh,str_1h_eqh_distance_atr,str_1h_eqh_touches,str_1h_nearest_eql,str_1h_eql_distance_atr,str_1h_eql_touches,str_1h_eqh_active,str_1h_eql_active,str_1h_liq_ref_high,str_1h_liq_ref_low,str_1h_last_liq_event,str_1h_liq_event_age,str_1h_liq_event_level,str_1h_sweep_event,str_1h_sweep_forming,str_1h_atr_pct,tf_4h_bars,tf_4h_source,fat_4h,fat_4h_state,fat_4h_abs,fat_4h_rank,fat_4h_ready,fat_4h_rank_window,str_4h_score,str_4h_state,str_4h_event,str_4h_ext_seq,str_4h_int_seq,str_4h_regime,str_4h_conf,str_4h_ready,str_4h_regime_ready,str_4h_confirmed_bars,str_4h_event_age,str_4h_event_strength,str_4h_event_time_ms,str_4h_protected_type,str_4h_protected_level,str_4h_protected_distance_atr,str_4h_nearest_eqh,str_4h_eqh_distance_atr,str_4h_eqh_touches,str_4h_nearest_eql,str_4h_eql_distance_atr,str_4h_eql_touches,str_4h_eqh_active,str_4h_eql_active,str_4h_liq_ref_high,str_4h_liq_ref_low,str_4h_last_liq_event,str_4h_liq_event_age,str_4h_liq_event_level,str_4h_sweep_event,str_4h_sweep_forming,str_4h_atr_pct,last_trade_age_ms,pool_trades,flow_1m_buy_usd,flow_1m_sell_usd,cvd_1m,cvd_1m_pct,buyer_ratio_1m,flow_1m_score,flow_1m_direction,trade_count_1m,agg_count_1m,notional_1m,n_eff_1m,window_coverage_sec_1m,window_coverage_ratio_1m,1m_complete,large_buy_count_1m,large_buy_value_1m,large_sell_count_1m,large_sell_value_1m,whale_net_notional_1m,flow_confidence_1m,fc_1m_count,fc_1m_notional,fc_1m_coverage,fc_1m_freshness,flow_5m_buy_usd,flow_5m_sell_usd,cvd_5m,cvd_5m_pct,buyer_ratio_5m,flow_5m_score,flow_5m_direction,trade_count_5m,agg_count_5m,notional_5m,n_eff_5m,window_coverage_sec_5m,window_coverage_ratio_5m,5m_complete,large_buy_count_5m,large_buy_value_5m,large_sell_count_5m,large_sell_value_5m,whale_net_notional_5m,flow_confidence_5m,fc_5m_count,fc_5m_notional,fc_5m_coverage,fc_5m_freshness,flow_15m_buy_usd,flow_15m_sell_usd,cvd_15m,cvd_15m_pct,buyer_ratio_15m,flow_15m_score,flow_15m_direction,trade_count_15m,agg_count_15m,notional_15m,n_eff_15m,window_coverage_sec_15m,window_coverage_ratio_15m,15m_complete,large_buy_count_15m,large_buy_value_15m,large_sell_count_15m,large_sell_value_15m,whale_net_notional_15m,flow_confidence_15m,fc_15m_count,fc_15m_notional,fc_15m_coverage,fc_15m_freshness,cvd_1m_delta,cvd_5m_delta,cvd_15m_delta,buyer_ratio_delta_1m,buyer_ratio_delta_5m,flow_delta_coverage_ratio,cvd_slope_3m,cvd_slope_3m_norm,cvd_slope_5m,cvd_slope_5m_norm,cvd_slope_prev_3m_norm,cvd_turn_3m,last_whale_time_ms,last_whale_side,last_whale_usd,last_whale_price,kcheck_bar_open,kcheck_status,pool_vs_kline_notional_ratio,pool_vs_kline_trades_ratio,pool_vs_kline_taker_buy_ratio,sync_mode,sync_pages,sync_fetched,sync_gap_ms,sync_error,pool_gap_events,pool_gap_ms_total,pool_resets,pool_integrity_errors,pool_contamination_reset,used_weight_1m,ob_best_bid,ob_best_ask,spread_bps,microprice_deviation_bps,orderbook_imbalance,ob_imbalance_top5,ob_bid_notional_20,ob_ask_notional_20,ob_depth_span_bps,ob_timestamp_ms,ob_age_ms,ob_stale,ob_error,alerts,alerts_skipped,required_fields_missing
2,v2,v1.2,REALF_PY_V4_2_DERIVED,ZPTDIFAT_PY_V1_4_DERIVED,fc-v1,native,,058e38aec59f4c35,20260918_015707,1,ETH_20260918_015725_587,ETHUSDT,BINANCE,FUTURES,TOP100,2,75000,1789685845587,2026-09-18T01:57:25.587+03:00,-75,True,1789685844698,1789685845587,,1789685820000,1789685879999,False,24.7,2441.17,-0.0274,47.7,FAIR (DENGE),True,500,47.1,48.2,47.6,49.5,0.00031,-0.86,-0.71,0.00062,0.609,0.45,19.0,60.0,-20.9,YOK,1.1,1.0,2441.932448236437,0.031,CLV_PROXY_1M,0,0.0,100.0,47.7,52.4,52.5,52.3,-4.7,-4.8,-4.6,0.00031,4e-05,0.0001,0.00011,24.73,28.83,36.83,43.32,-4.1,-12.1,-18.59,16.65,11.67,500,native,24.73,DINLENMIS,16.65,11.67,True,300,58.9,BEAR,BOS DN,MIX/HL,LH/LL,TR DN,68.7,True,True,499,42,57.0,1789683300000,HIGH,2448.91,6.44,2446.865,4.74,2,,,,2,0,2446.865,2441.46,LOW_SWEEP,30,2437.55,False,False,0.0492,499,native,52.37,NORMAL,43.21,50.67,True,300,19.4,TR-DN,CHOCH DN,LH/LL,LH/LL,TR-DN,88.3,True,True,498,15,46.0,1789683120000,HIGH,2452.51,4.35,,,,,,,0,0,2446.94,2436.09,HIGH_SWEEP,49,2453.82,False,False,0.1067,499,native,39.74,NORMAL,39.58,36.0,True,300,19.4,TR-DN,CHOCH DN,LH/LL,LH/LL,TR-DN,87.1,True,True,498,10,29.6,1789682700000,HIGH,2452.51,3.29,,,,2365.835,21.88,2,0,1,2452.51,2365.835,HIGH_SWEEP,29,2453.82,False,False,0.141,499,native,24.22,DINLENMIS,25.38,18.0,True,300,28.1,BULL,BOS UP,LH/LL,MIX/HL,RANGE,80.7,True,True,498,43,66.0,1789646400000,LOW,2435.9,0.7,,,,,,,0,0,2457.92,2443.62,LOW_SWEEP,1,2443.62,True,False,0.3096,499,native,47.15,NORMAL,33.25,23.33,True,300,72.5,BEAR,BOS DN,HH/HL,HH/HL,TR DN,82.5,True,True,498,57,44.7,1789477200000,HIGH,2614.99,9.17,,,,,,,0,0,2484.0,2426.52,EQH_SWEEP,21,2429.45,False,False,0.7747,499,native,52.04,NORMAL,55.3,52.0,True,300,51.2,TR-DN,CHOCH DN,MIX/HL,HH/HL,TR-DN,70.6,True,True,498,12,32.7,1789502400000,HIGH,2614.99,4.3,,,,1862.655,14.3,2,0,2,2614.99,1862.655,HIGH_SWEEP,36,2522.75,False,False,1.6522,210,1108,213411.25,1274783.63,-1061372.38,-71.32,14.34,5.1,DOWN,985,199,1488194.88,30.6,60.0,1.0,True,0,0.0,4,769676.86,-769676.86,67.8,0.379,1.0,1.0,0.997,2735568.38,4553059.74,-1817491.37,-24.94,37.53,13.5,DOWN,5195,1108,7288628.12,113.6,279.1,0.9305,False,5,1591596.37,15,2620180.21,-1028583.85,85.2,0.694,1.0,0.93,0.999,2735568.38,4553059.74,-1817491.37,-24.94,37.53,13.5,DOWN,5195,1108,7288628.12,113.6,279.1,0.3102,False,5,1591596.37,15,2620180.21,-1028583.85,68.4,0.694,1.0,0.31,1.0,-1041404.53,,,-35.34,,0.2435,-432076.74,-0.2314,,,,,1789685839978,SELL,76542.89,2441.17,1789685760000,ok,1.0,1.0,1.0,continuous,1,108,0,,0,0,0,0,False,450,2441.17,2441.18,0.041,-0.006,0.1347,0.2581,452420.32,345021.01,0.8,1789685844293,1294,False,,FATIGUE_RESTED_1M|AGGRESSIVE_SELLER,,
2,v2,v1.2,REALF_PY_V4_2_DERIVED,ZPTDIFAT_PY_V1_4_DERIVED,fc-v1,native,,058e38aec59f4c35,20260918_015707,2,BNB_20260918_015728_706,BNBUSDT,BINANCE,FUTURES,TOP100,4,25000,1789685848706,2026-09-18T01:57:28.706+03:00,-75,True,1789685848638,1789685848706,,1789685820000,1789685879999,False,28.6,735.27,-0.0245,44.6,FAIR (DENGE),True,500,42.1,50.0,41.1,49.5,1e-05,-1.14,-0.68,0.00048,0.653,0.18,8.7,55.0,2.2,YOK,8.9,1.0,735.2746374514205,0.001,CLV_PROXY_1M,0,0.0,100.0,44.6,49.4,54.6,53.4,-4.8,-10.0,-8.8,1e-05,0.00016,0.00031,0.00039,34.67,42.72,59.42,59.29,-8.05,-24.75,-24.62,19.3,8.0,500,native,34.67,NORMAL,19.3,8.0,True,300,82.8,BULL,BOS UP,HH/HL,MIX/HL,RANGE,91.1,True,True,499,21,66.3,1789684560000,LOW,734.18,3.31,,,,727.475,23.64,2,0,1,736.23,727.475,HIGH_SWEEP,55,734.69,False,False,0.0448,499,native,67.76,NORMAL,54.99,58.33,True,300,76.7,BULL,BOS UP,HH/MIX,HH/HL,TR UP,76.9,True,True,498,7,73.9,1789684560000,LOW,733.95,2.14,,,,733.985,2.08,2,0,2,736.23,733.985,HIGH_SWEEP,5,735.56,False,False,0.084,499,native,65.78,NORMAL,58.75,57.67,True,300,59.0,BULL,BOS UP,MIX/LL,HH/MIX,TR UP,75.7,True,True,498,4,69.4,1789684500000,LOW,734.32,1.1,,,,718.6600000000001,19.6,2,0,1,735.56,718.6600000000001,HIGH_SWEEP,3,735.56,False,True,0.115,499,native,69.48,NORMAL,64.2,66.0,True,300,87.1,BULL,BOS UP,HH/HL,HH/MIX,TR UP,92.8,True,True,498,13,62.5,1789673400000,LOW,727.74,4.62,,,,,,,0,0,737.15,727.74,HIGH_SWEEP,23,730.21,False,False,0.2249,499,native,86.61,ASIRI,87.03,93.33,True,300,76.4,BULL,BOS UP,HH/MIX,HH/MIX,RANGE,76.1,True,True,498,2,47.2,1789675200000,LOW,721.24,3.46,,,,,,,0,0,732.95,721.24,HIGH_SWEEP,10,729.58,False,False,0.5529,499,native,78.89,YORGUN,88.04,91.0,True,300,41.2,BULL,BOS UP,LH/LL,HH/HL,RANGE,86.1,True,True,498,2,31.3,1789646400000,LOW,704.34,3.54,,,,,,,0,0,725.94,704.34,HIGH_SWEEP,4,725.94,False,False,1.1923,168,1051,33732.5,169301.19,-135568.69,-66.77,16.61,5.2,DOWN,640,108,203033.69,4.2,60.0,1.0,True,0,0.0,1,97187.47,-97187.47,33.8,0.077,0.827,1.0,0.997,231988.4,516791.24,-284802.85,-38.04,30.98,7.7,DOWN,2991,539,748779.64,34.6,300.0,1.0,True,1,63620.07,5,264158.9,-200538.84,69.3,0.409,0.969,1.0,0.999,531940.7,1029027.81,-497087.11,-31.84,34.08,9.7,DOWN,5507,1051,1560968.52,83.1,552.6,0.614,False,2,106941.27,8,427417.15,-320475.88,75.1,0.624,1.0,0.614,1.0,-117290.37,59046.93,,-22.5,-0.64,0.5473,-97605.65,-0.5997,-65706.18,-0.4388,-0.1813,NONE,1789685819695,SELL,97187.47,735.6,1789685760000,ok,1.0,0.998,1.0,continuous,1,51,0,,0,0,0,0,False,484,735.14,735.15,0.136,-0.064,-0.5557,-0.9045,71957.97,251960.97,2.79,1789685848343,363,False,,AGGRESSIVE_SELLER,,
2,v2,v1.2,REALF_PY_V4_2_DERIVED,ZPTDIFAT_PY_V1_4_DERIVED,fc-v1,native,,058e38aec59f4c35,20260918_015707,3,XRP_20260918_015731_831,XRPUSDT,BINANCE,FUTURES,TOP100,5,25000,1789685851831,2026-09-18T01:57:31.831+03:00,-75,True,1789685851784,1789685851831,,1789685820000,1789685879999,False,31.8,1.2924,-0.0232,38.6,PRICE LAG,True,500,35.2,37.6,42.0,49.5,0.00354,-0.63,-0.37,0.00112,0.55,0.11,3.0,55.0,5.1,YOK,6.8,1.0,1.2969846446549174,0.355,CLV_PROXY_1M,0,0.0,100.0,38.6,41.8,41.7,38.5,-3.2,-3.1,0.1,0.00354,2e-05,-8e-05,8e-05,34.65,40.34,53.92,60.53,-5.69,-19.27,-25.88,22.66,18.33,500,native,34.65,NORMAL,22.66,18.33,True,300,72.5,BULL,BOS UP,HH/MIX,HH/MIX,RANGE,72.9,True,True,499,9,50.5,1789685280000,LOW,1.2921,0.27,,,,,,,0,0,1.2957,1.2918,LOW_SWEEP,6,1.2921,False,False,0.0872,499,native,68.47,NORMAL,59.93,67.33,True,300,35.4,TR-UP,CHOCH UP,LH/LL,HH/MIX,TR-UP,90.3,True,True,498,4,32.8,1789685100000,LOW,1.2867,2.59,,,,,,,0,0,1.2943,1.2867,HIGH_SWEEP,2,1.2943,False,False,0.17,499,native,54.56,NORMAL,55.88,60.0,True,300,15.7,TR-DN,CHOCH DN,LH/LL,LH/LL,TR-DN,91.4,True,True,498,12,73.2,1789682100000,HIGH,1.2968,1.62,,,,,,,0,0,1.2968,1.2867,LOW_SWEEP,4,1.293,False,False,0.2095,499,native,30.76,NORMAL,35.95,40.0,True,300,11.0,BEAR,BOS DN,LH/LL,MIX/LL,SQZ,87.1,True,True,498,4,55.8,1789681500000,HIGH,1.3002,1.59,,,,,,,0,0,1.3002,1.2918,LOW_SWEEP,3,1.2918,False,False,0.3794,499,native,28.92,DINLENMIS,22.35,15.33,True,300,69.3,BEAR,BOS DN,HH/HL,HH/HL,RANGE,82.2,True,True,498,33,35.2,1789563600000,HIGH,1.312,1.57,,,,,,,0,0,1.3201,1.2888,HIGH_SWEEP,10,1.3096,False,True,0.9651,499,native,36.59,NORMAL,40.51,42.0,True,300,46.3,TR-DN,CHOCH DN,HH/MIX,HH/MIX,TR-DN,75.8,True,True,498,13,73.1,1789488000000,HIGH,1.4916,6.08,1.5507,7.89,2,0.98775,9.31,2,1,1,1.5507,0.98775,EQH_SWEEP,55,1.43175,False,False,2.5282,1309,1026,62855.65,94426.02,-31570.37,-20.07,39.96,17.5,DOWN,731,105,157281.67,15.8,60.0,1.0,True,0,0.0,1,25666.31,-25666.31,52.7,0.24,0.799,1.0,0.978,413724.92,447315.39,-33590.47,-3.9,48.05,42.1,DOWN,3850,461,861040.31,55.3,300.0,1.0,True,2,99578.28,1,25666.31,73911.98,76.9,0.525,0.984,1.0,0.996,1131069.58,2797430.92,-1666361.34,-42.42,28.79,6.9,DOWN,9351,1026,3928500.5,92.0,565.0,0.6278,False,9,388304.08,27,1904843.43,-1516539.34,76.6,0.648,1.0,0.628,0.999,-35682.53,1107141.86,,-11.02,19.4,0.5611,-15957.55,-0.0931,-6615.4,-0.0384,-0.4334,NONE,1789685808348,SELL,25666.31,1.293,1789685760000,ok,1.0,1.0,1.0,continuous,1,26,0,,0,0,0,0,False,518,1.2924,1.2925,0.774,0.159,0.0965,-0.1137,1421473.42,1171287.52,15.09,1789685851474,357,False,,,,
2,v2,v1.2,REALF_PY_V4_2_DERIVED,ZPTDIFAT_PY_V1_4_DERIVED,fc-v1,native,,058e38aec59f4c35,20260918_015707,4,DOGE_20260918_015735_343,DOGEUSDT,BINANCE,FUTURES,TOP100,12,15000,1789685855343,2026-09-18T01:57:35.343+03:00,-75,True,1789685854905,1789685855343,,1789685820000,1789685879999,False,34.9,0.0813,-0.0492,34.3,PRICE LAG,True,500,29.2,38.6,34.0,47.4,0.00269,-0.71,0.12,0.00101,0.704,0.28,16.0,60.0,2.3,YOK,9.3,1.0,0.08151903436190917,0.269,CLV_PROXY_1M,0,0.0,100.0,34.3,36.1,43.2,45.5,-1.8,-8.9,-11.2,0.00269,0.00018,0.00062,0.00093,24.01,28.64,38.58,47.12,-4.63,-14.57,-23.11,15.6,7.67,500,native,24.01,DINLENMIS,15.6,7.67,True,300,55.8,BEAR,BOS DN,HH/HL,LH/LL,RANGE,85.8,True,True,499,6,60.4,1789685460000,HIGH,0.0815,3.56,,,,0.08114,2.85,2,0,1,0.0815,0.08114,HIGH_SWEEP,10,0.08148,False,False,0.0691,499,native,56.6,NORMAL,48.86,55.33,True,300,19.5,TR-DN,CHOCH DN,LH/LL,LH/MIX,TR-DN,89.3,True,True,498,21,86.6,1789682040000,HIGH,0.08187,4.97,,,,,,,0,0,0.08187,0.08114,LOW_SWEEP,27,0.0816,False,False,0.136,499,native,42.07,NORMAL,44.46,40.33,True,300,17.7,TR-DN,CHOCH DN,LH/LL,LH/LL,TR-DN,86.5,True,True,498,12,67.8,1789682100000,HIGH,0.08187,4.12,,,,0.07986,10.95,2,0,1,0.08187,0.07986,HIGH_SWEEP,37,0.08179,False,False,0.1639,499,native,25.43,DINLENMIS,27.37,25.33,True,300,60.3,BULL,BOS UP,MIX/HL,LH/LL,SQZ,71.9,True,True,498,35,56.8,1789653600000,LOW,0.08054,2.9,,,,0.080555,2.85,2,0,1,0.08195,0.080555,HIGH_SWEEP,33,0.08179,False,False,0.3298,499,native,59.37,NORMAL,44.78,49.33,True,300,84.4,BULL,BOS UP,HH/HL,MIX/HL,RANGE,87.4,True,True,498,14,49.0,1789632000000,LOW,0.07828,4.51,,,,,,,0,0,0.08253,0.08054,HIGH_SWEEP,13,0.08134,False,False,0.8284,499,native,54.7,NORMAL,56.34,65.0,True,300,46.8,BEAR,BOS DN,HH/MIX,HH/MIX,TR DN,73.2,True,True,498,14,26.7,1789473600000,HIGH,0.08616,3.34,,,,0.07835,2.05,2,0,1,0.08616,0.07835,HIGH_SWEEP,18,0.08534,False,False,1.772,182,1029,30934.86,53474.3,-22539.44,-26.7,36.65,12.3,DOWN,275,70,84409.16,8.0,60.0,1.0,True,1,15650.63,1,16993.25,-1342.62,41.1,0.137,0.732,1.0,0.997,101157.76,183126.11,-81968.35,-28.83,35.58,11.1,DOWN,1539,313,284283.88,34.9,300.0,1.0,True,2,33727.09,1,16993.25,16733.84,67.0,0.411,0.863,1.0,0.999,827161.66,864814.7,-37653.04,-2.23,48.89,45.5,FLAT,5865,1029,1691976.36,107.2,857.5,0.9528,False,19,463465.01,13,390794.2,72670.81,85.0,0.682,1.0,0.953,1.0,11222.06,144097.65,,4.96,2.14,0.8861,-23675.02,-0.3331,-15879.3,-0.2793,-0.3019,NONE,1789685848871,BUY,15650.63,0.08131,1789685760000,ok,1.0,1.0,1.0,continuous,1,29,0,,0,0,0,0,False,552,0.08131,0.08132,1.23,0.506,0.1981,0.1971,1225073.44,819956.19,23.98,1789685854520,823,False,,FATIGUE_RESTED_1M,,
2,v2,v1.2,REALF_PY_V4_2_DERIVED,ZPTDIFAT_PY_V1_4_DERIVED,fc-v1,native,,058e38aec59f4c35,20260918_015707,5,LINK_20260918_015738_684,LINKUSDT,BINANCE,FUTURES,TOP100,17,10000,1789685858684,2026-09-18T01:57:38.684+03:00,-75,True,1789685858460,1789685858684,,1789685820000,1789685879999,False,38.5,11.333,-0.0176,49.2,FAIR (DENGE),True,500,48.6,50.6,48.3,49.5,-0.00022,0.11,0.1,0.00096,0.63,0.87,74.3,35.0,1.6,YOK,2.3,0.717,11.330533215837411,-0.022,CLV_PROXY_1M,0,0.0,100.0,49.2,52.6,53.8,51.8,-3.4,-4.6,-2.6,-0.00022,0.00018,0.00012,2e-05,34.38,35.24,35.37,45.68,-0.86,-0.99,-11.3,34.24,28.0,500,native,34.38,NORMAL,34.24,28.0,True,300,43.2,BEAR,BOS DN,MIX/HL,HH/MIX,TR DN,75.5,True,True,499,6,57.0,1789685460000,HIGH,11.357,2.39,11.3565,2.34,2,,,,1,0,11.3565,11.334,LOW_SWEEP,2,11.334,False,False,0.0884,499,native,68.84,NORMAL,66.29,70.0,True,300,17.1,TR-DN,CHOCH DN,LH/LL,HH/HL,TR-DN,89.3,True,True,498,14,74.4,1789683300000,HIGH,11.378,2.16,,,,11.100999999999999,11.73,2,0,1,11.378,11.100999999999999,HIGH_SWEEP,39,11.379,False,False,0.176,499,native,54.96,NORMAL,61.1,57.33,True,300,18.6,TR-DN,CHOCH DN,LH/LL,LH/LL,TR-DN,86.4,True,True,498,8,38.0,1789683300000,HIGH,11.378,1.72,,,,,,,0,0,11.378,11.25,LOW_SWEEP,19,11.33,False,False,0.2315,499,native,41.07,NORMAL,51.97,58.33,True,300,31.2,BULL,BOS UP,LH/LL,MIX/LL,SQZ,84.8,True,True,498,35,61.0,1789653600000,LOW,11.089,4.59,11.428,1.74,2,11.0905,4.56,2,1,1,11.428,11.0905,HIGH_SWEEP,33,11.34,False,False,0.4721,499,native,72.11,YORGUN,64.25,74.0,True,300,70.2,BEAR,BOS DN,HH/HL,MIX/HL,TR DN,81.3,True,True,498,39,42.9,1789542000000,HIGH,11.501,1.48,12.7855,12.8,2,,,,1,0,12.7855,11.089,LOW_SWEEP,29,10.67,False,False,1.0028,499,native,60.73,NORMAL,67.27,73.0,True,300,17.0,BEAR,BOS DN,LH/LL,HH/MIX,RANGE,86.2,True,True,498,13,24.8,1789488000000,HIGH,11.961,2.6,,,,8.062,13.6,2,0,1,11.961,8.062,EQH_SWEEP,81,12.035499999999999,False,False,2.1275,587,905,44664.56,41728.22,2936.34,3.4,51.7,56.9,UP,423,68,86392.77,24.9,60.0,1.0,True,1,19996.43,0,0.0,19996.43,58.6,0.332,0.734,1.0,0.99,185458.54,177111.31,8347.23,2.3,51.15,54.7,FLAT,1527,285,362569.84,89.7,300.0,1.0,True,4,100976.36,0,0.0,100976.36,80.9,0.642,0.89,1.0,0.998,522250.17,536087.4,-13837.23,-1.31,49.35,47.3,FLAT,4292,794,1058337.57,153.1,900.0,1.0,True,11,223774.56,7,138097.15,85677.41,89.3,0.754,1.0,1.0,0.999,-23007.68,77396.95,9383.86,-4.04,8.14,1.0,9494.27,0.0872,2390.94,0.033,-0.3291,UP,1789685836758,BUY,19996.43,11.333980949843847,1789685760000,ok,1.0,1.0,1.0,continuous,1,32,0,,0,0,0,0,False,586,11.333,11.334,0.882,-0.244,0.2464,-0.1287,266916.17,161396.08,17.21,1789685858038,646,False,,,,
2,v2,v1.2,REALF_PY_V4_2_DERIVED,ZPTDIFAT_PY_V1_4_DERIVED,fc-v1,native,,058e38aec59f4c35,20260918_015707,6,ADA_20260918_015742_730,ADAUSDT,BINANCE,FUTURES,TOP100,19,10000,1789685862730,2026-09-18T01:57:42.730+03:00,-75,True,1789685861726,1789685862730,,1789685820000,1789685879999,False,41.7,0.2005,0.0499,55.3,FAIR (DENGE),True,500,56.5,56.9,52.8,50.8,-0.00227,-0.5,-0.57,0.00122,0.56,0.23,16.3,60.0,-21.6,YOK,4.1,1.0,0.2000457635561407,-0.227,CLV_PROXY_1M,0,0.0,100.0,55.3,53.2,57.8,58.6,2.1,-2.5,-3.3,-0.00227,-0.00075,-8e-05,-4e-05,21.44,22.45,37.06,46.15,-1.01,-15.62,-24.71,21.99,12.33,500,native,21.44,DINLENMIS,21.99,12.33,True,300,38.9,BEAR,BOS DN,MIX/HL,MIX/HL,TR DN,78.8,True,True,499,2,78.0,1789685700000,HIGH,0.2012,2.73,0.2012,2.73,2,,,,3,0,0.2012,0.2006,LOW_SWEEP,36,0.2,False,False,0.1279,499,native,61.69,NORMAL,57.45,59.67,True,300,15.8,BEAR,BOS DN,LH/LL,HH/HL,TR DN,92.3,True,True,498,23,94.0,1789681680000,HIGH,0.2024,4.07,,,,,,,0,0,0.2008,0.1997,HIGH_SWEEP,2,0.2008,False,False,0.2205,499,native,44.66,NORMAL,49.15,40.67,True,300,16.9,TR-DN,CHOCH DN,LH/LL,LH/LL,TR-DN,91.4,True,True,498,12,54.9,1789682100000,HIGH,0.2024,3.29,,,,0.1903,18.81,2,0,1,0.202,0.1903,HIGH_SWEEP,69,0.2028,False,False,0.2729,499,native,23.64,DINLENMIS,28.44,24.67,True,300,44.4,BULL,BOS UP,LH/MIX,LH/MIX,SQZ,74.2,True,True,498,34,79.1,1789654500000,LOW,0.1972,3.36,,,,0.1972,3.36,2,0,2,0.2027,0.1972,HIGH_SWEEP,32,0.2022,False,False,0.5036,499,native,65.13,NORMAL,49.41,55.67,True,300,66.6,TR-UP,CHOCH UP,HH/MIX,MIX/HL,TR-UP,72.5,True,True,498,16,61.8,1789624800000,LOW,0.1901,4.6,,,,,,,0,0,0.2042,0.1901,EQH_SWEEP,21,0.19690000000000002,False,False,1.1263,499,native,56.36,NORMAL,60.78,72.33,True,300,16.9,BEAR,BOS DN,LH/LL,LH/LL,RANGE,83.9,True,True,498,13,45.7,1789488000000,HIGH,0.2159,3.25,,,,,,,0,0,0.2159,0.1901,LOW_SWEEP,50,0.2148,False,False,2.3368,4753,685,12524.95,9744.1,2780.85,12.49,56.24,73.1,UP,122,54,22269.04,3.4,60.0,1.0,True,1,11494.67,0,0.0,11494.67,28.1,0.064,0.587,1.0,0.921,40537.13,54009.6,-13472.47,-14.25,42.88,24.3,DOWN,791,223,94546.73,18.5,300.0,1.0,True,2,23842.86,0,0.0,23842.86,54.1,0.27,0.744,1.0,0.984,459454.14,505341.49,-45887.36,-4.76,47.62,40.4,DOWN,3475,619,964795.63,41.3,900.0,1.0,True,13,330770.93,13,329178.03,1592.9,72.7,0.452,0.996,1.0,0.995,8252.68,36424.14,-4904.03,23.25,-0.37,1.0,-2356.5,-0.1038,-2714.53,-0.1436,-0.1219,NONE,1789685820204,BUY,11494.67,0.2005,1789685760000,ok,1.0,1.0,1.0,continuous,1,15,0,,0,0,0,0,False,620,0.2005,0.2006,4.986,1.199,0.1566,-0.1716,2804220.54,2044862.45,97.23,1789685861399,1331,False,,FATIGUE_RESTED_1M,,
2,v2,v1.2,REALF_PY_V4_2_DERIVED,ZPTDIFAT_PY_V1_4_DERIVED,fc-v1,native,,058e38aec59f4c35,20260918_015707,7,LTC_20260918_015746_909,LTCUSDT,BINANCE,FUTURES,TOP100,25,10000,1789685866909,2026-09-18T01:57:46.909+03:00,-75,True,1789685865871,1789685866909,,1789685820000,1789685879999,False,45.9,53.78,-0.0558,55.9,FAIR (DENGE),True,500,57.1,54.4,55.9,54.0,-0.0011,-0.64,-0.91,0.00087,0.553,1.28,68.7,55.0,-40.3,YOK,2.6,1.0,53.7208144425985,-0.11,CLV_PROXY_1M,0,0.0,100.0,55.9,56.9,60.6,59.6,-1.0,-4.7,-3.7,-0.0011,-0.00018,2e-05,-0.00032,20.23,24.87,34.98,45.68,-4.64,-14.75,-25.45,11.43,4.67,500,native,20.23,DINLENMIS,11.43,4.67,True,300,42.2,BEAR,BOS DN,MIX/HL,MIX/HL,RANGE,71.2,True,True,499,6,60.4,1789685460000,HIGH,53.93,4.05,53.93,4.05,2,,,,1,0,53.93,53.85,HIGH_SWEEP,70,53.88,False,False,0.0689,499,native,55.72,NORMAL,48.52,43.67,True,300,44.7,TR-DN,CHOCH DN,HH/MIX,LH/LL,TR-DN,78.7,True,True,498,11,70.6,1789683840000,HIGH,53.98,2.63,,,,,,,0,0,53.98,53.59,LOW_SWEEP,12,53.69,False,False,0.1413,499,native,48.41,NORMAL,46.55,34.33,True,300,58.3,BULL,BOS UP,HH/MIX,MIX/LL,RANGE,68.7,True,True,498,39,25.5,1789674000000,LOW,53.39,3.7,,,,50.21,33.82,2,0,2,53.98,50.21,HIGH_SWEEP,15,53.96,False,False,0.196,499,native,54.73,NORMAL,47.93,49.0,True,300,62.2,BULL,BOS UP,MIX/HL,MIX/HL,RANGE,75.4,True,True,498,34,42.9,1789654500000,LOW,52.51,6.18,53.989999999999995,1.02,3,,,,1,0,53.989999999999995,53.39,HIGH_SWEEP,33,53.11,False,False,0.3813,499,native,78.45,YORGUN,69.98,77.33,True,300,65.0,TR-UP,CHOCH UP,MIX/HL,HH/HL,TR-UP,63.2,True,True,498,11,40.7,1789642800000,LOW,50.13,8.36,,,,,,,0,0,52.81,52.46,HIGH_SWEEP,13,52.81,False,False,0.8098,499,native,71.25,NORMAL,80.58,87.33,True,300,51.0,TR-DN,CHOCH DN,HH/MIX,LH/LL,TR-DN,72.3,True,True,498,12,38.2,1789502400000,HIGH,55.24,1.65,,,,,,,0,0,55.24,50.13,HIGH_SWEEP,28,54.28,False,False,1.617,1796,475,6505.52,27873.67,-21368.15,-62.15,18.92,5.3,DOWN,197,38,34379.19,6.3,60.0,1.0,True,0,0.0,1,10137.61,-10137.61,36.3,0.113,0.634,1.0,0.97,21778.63,90980.26,-69201.63,-61.37,19.31,5.3,DOWN,551,140,112758.89,10.9,300.0,1.0,True,0,0.0,3,50630.93,-50630.93,46.3,0.179,0.763,1.0,0.994,141517.96,285659.0,-144141.05,-33.74,33.13,9.0,DOWN,1689,422,427176.96,25.4,900.0,1.0,True,3,39752.78,7,169279.7,-129526.92,62.9,0.337,0.908,1.0,0.998,974.99,14641.13,-20308.46,6.85,1.58,1.0,-22996.14,-0.6996,-14630.7,-0.6488,-0.4976,NONE,1789685856226,SELL,10137.61,53.780436604774536,1789685760000,ok,1.0,1.0,1.0,continuous,1,22,0,,0,0,0,0,False,654,53.79,53.8,1.859,-0.825,0.0156,-0.1413,868159.54,841438.81,36.25,1789685865485,1424,False,,FATIGUE_RESTED_1M|AGGRESSIVE_SELLER,,
2,v2,v1.2,REALF_PY_V4_2_DERIVED,ZPTDIFAT_PY_V1_4_DERIVED,fc-v1,native,,058e38aec59f4c35,20260918_015707,8,AVAX_20260918_015750_970,AVAXUSDT,BINANCE,FUTURES,TOP100,31,5000,1789685870970,2026-09-18T01:57:50.970+03:00,-75,True,1789685870081,1789685870970,,1789685820000,1789685879999,False,50.1,7.581,0.0,48.3,FAIR (DENGE),True,500,46.2,53.6,45.6,49.8,-0.0009,-0.32,0.09,0.00105,0.677,0.18,8.7,40.0,-5.0,YOK,8.0,0.485,7.574176115253821,-0.09,CLV_PROXY_1M,0,0.0,100.0,48.3,54.3,54.2,58.3,-6.0,-5.9,-10.0,-0.0009,0.00017,0.00023,0.00058,43.45,45.63,55.62,63.27,-2.18,-12.17,-19.82,37.93,39.33,500,native,43.45,NORMAL,37.93,39.33,True,300,85.3,TR-UP,CHOCH UP,HH/HL,LH/LL,TR-UP,89.3,True,True,499,9,79.1,1789685280000,LOW,7.545,6.05,,,,,,,0,0,7.593,7.576,HIGH_SWEEP,10,7.587,False,False,0.0785,499,native,66.29,NORMAL,66.38,69.33,True,300,19.2,BEAR,BOS DN,LH/LL,LH/LL,TR DN,87.9,True,True,498,22,54.5,1789681860000,HIGH,7.615,3.05,,,,,,,0,0,7.615,7.545,HIGH_SWEEP,39,7.624,False,False,0.1428,499,native,47.65,NORMAL,56.77,57.33,True,300,12.4,BEAR,BOS DN,LH/LL,LH/LL,RANGE,86.8,True,True,498,8,63.1,1789683300000,HIGH,7.615,2.43,,,,,,,0,0,7.615,7.545,LOW_SWEEP,11,7.569,False,False,0.1847,499,native,28.9,DINLENMIS,36.66,33.67,True,300,41.5,BULL,BOS UP,LH/MIX,HH/MIX,SQZ,67.4,True,True,498,41,14.8,1789648200000,LOW,7.514,2.47,7.648,2.47,2,,,,1,0,7.648,7.569,LOW_SWEEP,1,7.569,True,False,0.3577,499,native,57.34,NORMAL,48.44,51.0,True,300,72.6,BEAR,BOS DN,HH/HL,MIX/HL,TR DN,81.7,True,True,498,56,46.7,1789480800000,HIGH,7.8,3.38,8.192,9.44,3,7.186,6.1,2,1,1,8.192,7.186,EQL_SWEEP,29,7.186,False,False,0.8538,499,native,73.29,YORGUN,74.1,83.0,True,300,46.8,TR-DN,CHOCH DN,HH/MIX,LH/MIX,TR-DN,73.8,True,True,498,8,50.3,1789560000000,HIGH,7.8,1.57,,,,7.173500000000001,2.95,2,0,1,7.8,7.173500000000001,LOW_SWEEP,13,7.243,False,False,1.828,103,655,3737.22,22856.1,-19118.88,-71.89,14.05,5.1,DOWN,107,23,26593.31,2.0,60.0,1.0,True,0,0.0,1,18171.66,-18171.66,23.4,0.038,0.606,1.0,0.998,32570.51,66139.96,-33569.45,-34.01,33.0,8.9,DOWN,653,142,98710.48,16.8,300.0,1.0,True,2,11398.49,2,24859.86,-13461.37,52.8,0.251,0.749,1.0,1.0,256953.05,274388.2,-17435.15,-3.28,48.36,43.3,DOWN,2954,576,531341.26,83.4,900.0,1.0,True,14,142634.77,12,114667.4,27967.37,81.1,0.625,0.931,1.0,1.0,-23273.24,39801.81,-19182.38,-51.37,2.23,1.0,-4284.22,-0.1767,-4836.21,-0.245,-0.5077,NONE,1789685819687,SELL,18171.66,7.5809999999999995,1789685760000,ok,1.0,1.0,1.0,continuous,1,16,0,,0,0,0,0,False,688,7.581,7.582,1.319,0.453,0.2414,0.1812,379786.02,232060.21,25.72,1789685869629,1341,False,,AGGRESSIVE_SELLER,,
2,v2,v1.2,REALF_PY_V4_2_DERIVED,ZPTDIFAT_PY_V1_4_DERIVED,fc-v1,native,,058e38aec59f4c35,20260918_015707,9,SUI_20260918_015756_977,SUIUSDT,BINANCE,FUTURES,TOP100,35,5000,1789685876977,2026-09-18T01:57:56.977+03:00,-75,True,1789685874036,1789685876977,,1789685820000,1789685879999,False,54.0,0.7322,0.0273,44.5,FAIR (DENGE),True,500,43.4,42.8,47.5,48.2,0.00281,-0.13,-0.13,0.00143,0.667,0.4,47.3,45.0,-17.3,YOK,4.7,1.0,0.7342617401736484,0.282,CLV_PROXY_1M,0,0.0,100.0,44.5,45.9,45.3,43.9,-1.4,-0.8,0.6,0.00281,-6e-05,-0.00041,-0.00033,22.32,21.61,25.88,34.94,0.71,-3.56,-12.62,26.66,17.67,500,native,22.32,DINLENMIS,26.66,17.67,True,300,37.6,BEAR,BOS DN,MIX/HL,MIX/LL,EXP DN,76.3,True,True,499,6,88.8,1789685460000,HIGH,0.7348,3.24,,,,0.7293,3.62,2,0,1,0.7348,0.7293,LOW_SWEEP,44,0.7315,False,False,0.1096,499,native,57.09,NORMAL,50.18,52.0,True,300,20.6,TR-DN,CHOCH DN,LH/LL,MIX/HL,TR-DN,91.0,True,True,498,24,76.3,1789681500000,HIGH,0.7375,3.46,,,,0.7292,1.96,2,0,3,0.7351,0.7292,HIGH_SWEEP,39,0.7357,False,False,0.2094,499,native,43.53,NORMAL,46.29,38.67,True,300,13.6,BEAR,BOS DN,LH/LL,LH/LL,RANGE,83.3,True,True,498,3,37.5,1789684800000,HIGH,0.7365,2.14,,,,0.71575,8.19,2,0,2,0.7365,0.71575,EQL_SWEEP,7,0.7296,False,False,0.2744,499,native,41.41,NORMAL,40.77,36.67,True,300,50.9,BULL,BOS UP,LH/MIX,HH/HL,SQZ,73.2,True,True,498,22,54.6,1789665300000,LOW,0.7223,2.85,,,,0.7289,0.95,2,0,1,0.7375,0.7289,HIGH_SWEEP,27,0.7351,False,False,0.4736,499,native,77.31,YORGUN,66.67,78.67,True,300,73.3,BEAR,BOS DN,HH/HL,HH/HL,TR DN,84.9,True,True,498,56,50.4,1789480800000,HIGH,0.7479,1.99,0.8336,12.87,2,,,,2,0,0.8336,0.7157,LOW_SWEEP,29,0.6814,False,False,1.0757,499,native,75.19,YORGUN,77.48,89.67,True,300,59.7,BEAR,BOS DN,HH/HL,MIX/HL,TR DN,78.3,True,True,498,12,25.5,1789502400000,HIGH,0.7479,0.95,,,,,,,0,0,0.7479,0.6773,LOW_SWEEP,14,0.692,False,False,2.26,43,1046,25390.36,49287.31,-23896.95,-32.0,34.0,9.7,DOWN,415,65,74677.67,26.2,60.0,1.0,True,0,0.0,1,6364.5,-6364.5,59.1,0.344,0.718,1.0,0.999,142345.76,192405.91,-50060.15,-14.95,42.52,23.4,DOWN,1780,279,334751.68,71.5,300.0,1.0,True,11,78711.98,7,56373.51,22338.47,77.9,0.588,0.881,1.0,1.0,813286.61,1123128.33,-309841.72,-16.0,42.0,22.0,DOWN,6530,1003,1936414.94,154.1,900.0,1.0,True,61,605740.98,54,787665.44,-181924.47,89.4,0.755,1.0,1.0,1.0,-30553.0,-41046.31,-27963.68,-21.76,-6.27,0.984,-12725.31,-0.1516,-11088.31,-0.1656,0.0703,DOWN,1789685872123,SELL,6364.5,0.7322,1789685760000,ok,1.0,1.0,1.0,continuous,1,46,0,,0,0,0,0,False,722,0.7322,0.7323,1.366,-0.059,-0.044,0.0404,371017.14,405206.91,26.63,1789685876670,307,False,,FATIGUE_RESTED_1M,,
2,v2,v1.2,REALF_PY_V4_2_DERIVED,ZPTDIFAT_PY_V1_4_DERIVED,fc-v1,native,,058e38aec59f4c35,20260918_015707,10,AKE_20260918_015800_260,AKEUSDT,BINANCE,FUTURES,TOP100,94,2000,1789685880260,2026-09-18T01:58:00.260+03:00,-75,True,1789685880068,1789685880260,,1789685820000,1789685879999,True,60.1,0.021325,0.0375,56.0,FAIR (DENGE),True,500,57.3,54.3,57.5,51.0,-0.00289,0.58,-0.23,0.00294,0.464,0.45,9.7,55.0,16.7,YOK,3.2,1.0,0.021263543735169206,-0.288,CLV_PROXY_1M,0,0.0,100.0,56.0,55.0,45.1,39.6,1.0,10.9,16.4,-0.00289,-0.00059,-0.00226,-0.00242,51.53,49.44,45.94,56.68,2.09,5.59,-5.15,54.89,60.0,500,native,51.53,NORMAL,54.89,60.0,True,300,85.4,BULL,BOS UP,HH/HL,HH/MIX,TR UP,90.1,True,True,499,10,31.1,1789685220000,LOW,0.021228,2.05,0.0216505,6.89,3,,,,1,0,0.0216505,0.021235,LOW_SWEEP,47,0.020989,False,False,0.2217,499,native,76.39,YORGUN,69.08,83.67,True,300,71.2,BULL,BOS UP,HH/MIX,HH/HL,RANGE,72.9,True,True,498,12,60.2,1789683660000,LOW,0.021024,3.05,,,,,,,0,0,0.021369,0.020909,HIGH_SWEEP,3,0.021369,False,False,0.4591,499,native,72.09,YORGUN,74.33,85.33,True,300,61.5,TR-UP,CHOCH UP,MIX/HL,HH/MIX,TR-UP,76.8,True,True,498,34,79.8,1789675500000,LOW,0.020858,3.42,,,,,,,0,0,0.021654,0.020909,HIGH_SWEEP,37,0.021,False,False,0.6357,499,native,52.85,NORMAL,58.65,57.0,True,300,41.2,BEAR,BOS DN,LH/MIX,HH/HL,SQZ,68.5,True,True,498,122,97.0,1789575300000,HIGH,0.028247,23.3,0.029421000000000003,27.25,2,0.020765,1.87,2,1,3,0.029421000000000003,0.020765,EQL_SWEEP,25,0.020765,False,False,1.3954,499,native,53.47,NORMAL,57.71,62.67,True,300,56.9,BULL,BOS UP,MIX/HL,EQ/RANGE,RANGE,58.9,True,True,498,66,56.3,1789444800000,LOW,0.014658,6.15,0.029844000000000002,7.87,2,0.012500500000000001,8.14,3,1,2,0.029844000000000002,0.012500500000000001,HIGH_SWEEP,67,0.0165,False,False,5.1352,499,native,40.63,NORMAL,38.94,32.67,True,300,85.8,BULL,BOS UP,HH/HL,MIX/HL,TR UP,90.5,True,True,498,16,80.8,1789444800000,LOW,0.013069,2.95,,,,0.0128725,3.02,2,0,3,0.029888,0.0128725,EQL_SWEEP,65,0.0128725,False,False,13.3679,2061,1069,3783.82,3007.29,776.54,11.43,55.72,71.5,UP,231,85,6791.11,13.7,60.0,1.0,True,0,0.0,0,0.0,0.0,42.6,0.215,0.458,1.0,0.966,32495.09,22839.72,9655.37,17.45,58.72,79.7,UP,1569,705,55334.82,26.7,300.0,1.0,True,1,10272.8,0,0.0,10272.8,58.5,0.348,0.686,1.0,0.993,39991.72,45757.16,-5765.44,-6.72,46.64,36.7,DOWN,2460,1069,85748.88,58.4,412.9,0.4588,False,1,10272.8,4,11713.5,-1440.7,60.9,0.539,0.733,0.459,0.998,1964.38,1357.54,,15.97,1.41,0.3921,4133.46,0.3012,2773.69,0.2506,-0.2394,UP,1789685734734,BUY,10272.8,0.021299953418261137,1789685760000,ok,1.0,1.0,1.0,continuous,1,69,0,,0,0,0,0,False,20,0.02132,0.021321,0.469,0.218,0.1769,0.2002,3445.72,2409.95,9.15,1789685879655,605,False,,,,
2,v2,v1.2,REALF_PY_V4_2_DERIVED,ZPTDIFAT_PY_V1_4_DERIVED,fc-v1,native,,058e38aec59f4c35,20260918_015707,11,PONS_20260918_015803_737,PONSUSDT,BINANCE,FUTURES,OUTSIDE100,112,2000,1789685883737,2026-09-18T01:58:03.737+03:00,-75,True,1789685883733,1789685883737,,1789685820000,1789685879999,True,63.7,0.661,0.2274,60.4,PRICE AHEAD,True,500,65.2,48.7,67.1,54.6,0.00104,1.84,0.44,0.0029,0.535,0.49,68.7,50.0,17.8,YOK,18.5,0.938,0.661686121499382,0.104,CLV_PROXY_1M,0,0.0,100.0,60.4,59.2,48.8,47.9,1.2,11.6,12.5,0.00104,-0.00131,-0.00555,-0.00639,59.25,52.65,49.46,53.82,6.6,9.79,5.43,73.22,78.0,500,native,59.25,NORMAL,73.22,78.0,True,300,81.0,BULL,BOS UP,HH/HL,MIX/HL,TR UP,88.2,True,True,499,20,28.2,1789684620000,LOW,0.6446,7.41,,,,0.63845,10.18,2,0,1,0.6625,0.63845,EQH_SWEEP,15,0.65595,False,False,0.3358,499,native,78.02,YORGUN,80.03,91.0,True,300,44.5,TR-UP,CHOCH UP,LH/LL,HH/HL,TR-UP,92.8,True,True,498,5,97.3,1789684920000,LOW,0.642,4.82,0.66195,0.24,2,0.63845,5.72,2,2,1,0.66195,0.63845,EQH_SWEEP,4,0.66195,False,False,0.5977,499,native,64.47,NORMAL,77.8,81.33,True,300,28.5,BEAR,BOS DN,MIX/LL,LH/LL,RANGE,72.5,True,True,498,12,57.1,1789682100000,HIGH,0.6619,0.17,0.66195,0.18,2,,,,2,0,0.66195,0.642,EQH_SWEEP,2,0.66195,False,False,0.7924,499,native,66.28,NORMAL,75.25,84.0,True,300,63.6,BULL,BOS UP,MIX/HL,MIX/LL,SQZ,74.3,True,True,498,28,67.0,1789659900000,LOW,0.6099,5.01,,,,,,,0,0,0.662,0.6331,HIGH_SWEEP,24,0.6573,False,False,1.5406,281,native,61.89,NORMAL,68.5,78.93,False,261,78.8,TR-UP,CHOCH UP,HH/HL,HH/HL,SQZ,88.2,True,True,280,21,48.5,1789606800000,LOW,0.5563,4.52,,,,,,,0,0,0.6721,0.6099,HIGH_SWEEP,6,0.669,False,False,3.5986,71,native,72.41,YORGUN,73.3,92.16,False,51,45.3,BEAR,BOS DN,HH/MIX,HH/MIX,RANGE,70.9,True,False,70,8,30.3,1789560000000,HIGH,0.6992,0.8,,,,,,,0,0,0.6992,0.5483,LOW_SWEEP,10,0.5821,False,False,7.4405,1851,1098,33636.59,8588.75,25047.84,59.32,79.66,94.6,UP,465,117,42225.34,33.3,60.0,1.0,True,3,8915.42,0,0.0,8915.42,60.9,0.4,0.656,1.0,0.969,104580.17,53079.55,51500.62,32.67,66.33,90.6,UP,1831,580,157659.73,175.2,300.0,1.0,True,11,33138.27,3,7165.93,25972.34,84.5,0.778,0.799,1.0,0.994,174300.84,114897.09,59403.75,20.54,60.27,83.0,UP,3529,1098,289197.93,259.2,559.2,0.6213,False,15,49437.06,8,28160.27,21276.8,81.1,0.838,0.865,0.621,0.998,-3230.77,24218.59,,-4.76,6.78,0.5547,17724.4,0.5304,9368.5,0.2971,0.0346,NONE,1789685881017,BUY,2968.41,0.662,1789685760000,ok,1.0,1.0,1.0,continuous,1,98,0,,0,0,0,0,False,54,0.6617,0.6619,3.022,0.739,0.1533,-0.0319,57980.18,42564.75,30.22,1789685882888,849,False,,AGGRESSIVE_BUYER,,
2,v2,v1.2,REALF_PY_V4_2_DERIVED,ZPTDIFAT_PY_V1_4_DERIVED,fc-v1,native,,058e38aec59f4c35,20260918_015707,12,SKR_20260918_015807_750,SKRUSDT,BINANCE,FUTURES,OUTSIDE100,227,500,1789685887750,2026-09-18T01:58:07.750+03:00,-75,True,1789685886792,1789685887750,,1789685880000,1789685939999,False,6.8,0.019357,0.1345,48.9,FAIR (DENGE),True,500,49.8,45.5,50.9,49.6,0.00312,0.34,0.26,0.00299,0.584,0.7,41.7,65.0,26.2,YOK,5.4,0.751,0.01941751597056997,0.313,CLV_PROXY_1M,0,0.0,100.0,48.9,43.7,40.8,47.7,5.2,8.1,1.2,0.00312,-0.00068,-0.00303,-0.00112,63.72,61.91,67.37,72.38,1.81,-3.65,-8.66,67.78,68.33,500,native,63.72,NORMAL,67.78,68.33,True,300,81.6,TR-UP,CHOCH UP,HH/HL,HH/HL,TR-UP,86.4,True,True,499,14,68.2,1789685040000,LOW,0.019142,6.59,,,,0.0185775,23.88,2,0,1,0.019391,0.0185775,EQL_SWEEP,26,0.019165,False,False,0.1689,499,native,72.7,YORGUN,81.1,86.67,True,300,44.5,BULL,BOS UP,LH/LL,HH/MIX,RANGE,86.4,True,True,498,4,58.9,1789685100000,LOW,0.019164,2.79,0.020296500000000002,13.6,2,,,,1,0,0.020296500000000002,0.019142,LOW_SWEEP,8,0.019164,False,False,0.3574,499,native,50.31,NORMAL,58.25,61.0,True,300,78.9,BULL,BOS UP,HH/HL,LH/LL,TR UP,85.5,True,True,498,24,46.1,1789678500000,LOW,0.018554,7.81,0.020296500000000002,9.14,2,,,,1,0,0.020296500000000002,0.019164,LOW_SWEEP,4,0.019164,False,False,0.5316,499,native,70.86,NORMAL,69.89,72.67,True,300,70.6,BULL,BOS UP,HH/MIX,HH/MIX,TR UP,70.8,True,True,498,6,32.7,1789679700000,LOW,0.018554,4.36,,,,0.017547,9.81,2,0,2,0.019545,0.017547,HIGH_SWEEP,4,0.019329,False,False,0.958,499,native,49.93,NORMAL,55.94,65.0,True,300,87.5,BULL,BOS UP,HH/HL,LH/LL,TR UP,91.9,True,True,498,13,72.8,1789635600000,LOW,0.017378,4.72,0.025375500000000002,14.32,2,,,,1,0,0.025375500000000002,0.018378,LOW_SWEEP,29,0.017542,False,False,2.1749,499,native,77.8,YORGUN,77.89,83.0,True,300,72.0,BULL,BOS UP,HH/HL,HH/HL,TR UP,80.9,True,True,498,112,36.2,1788062400000,LOW,0.008858,12.05,,,,0.017043000000000003,2.66,2,0,1,0.019684,0.017043000000000003,HIGH_SWEEP,2,0.019684,False,False,4.6641,5775,677,2110.3,1843.57,266.72,6.75,53.37,63.4,UP,55,34,3953.87,7.3,60.0,1.0,True,1,557.32,1,1300.94,-743.62,32.9,0.127,0.399,1.0,0.904,6997.19,5310.7,1686.49,13.7,56.85,74.9,UP,262,165,12307.89,27.4,300.0,1.0,True,4,4088.72,3,2889.85,1198.87,54.2,0.354,0.523,1.0,0.981,23624.02,16735.37,6888.65,17.07,58.53,79.3,UP,890,578,40359.38,107.5,900.0,1.0,True,7,13612.57,6,6136.32,7476.25,75.4,0.682,0.651,1.0,0.994,372.46,295.14,459.88,10.09,-1.16,1.0,-31.43,-0.0146,312.84,0.1271,0.2755,NONE,1789685881128,BUY,557.32,0.019359980963629415,1789685760000,ok,1.0,1.0,1.0,continuous,1,33,0,,0,0,0,0,False,88,0.01936,0.019362,1.033,-0.382,0.0895,0.3473,3109.44,2598.62,14.46,1789685887438,312,False,,,,
2,v2,v1.2,REALF_PY_V4_2_DERIVED,ZPTDIFAT_PY_V1_4_DERIVED,fc-v1,native,,058e38aec59f4c35,20260918_015707,13,ZKC_20260918_015920_495,ZKCUSDT,BINANCE,FUTURES,OUTSIDE100,1142,200,1789685960495,2026-09-18T01:59:20.495+03:00,-75,True,1789685959602,1789685960495,,1789685940000,1789685999999,False,19.6,0.03784,0.0264,60.2,PRICE AHEAD,True,500,65.2,53.6,61.7,50.9,-0.00099,0.91,0.01,0.00091,0.403,0.18,6.3,45.0,-4.7,YOK,11.6,1.0,0.037802708128166274,-0.099,CLV_PROXY_1M,0,0.0,100.0,60.2,58.9,55.3,52.9,1.3,4.9,7.3,-0.00099,-0.00027,-0.00083,-0.00144,52.61,46.41,42.67,56.19,6.2,9.94,-3.58,66.53,68.33,500,native,52.61,NORMAL,66.53,68.33,True,300,59.2,BEAR,BOS DN,HH/MIX,HH/HL,SQZ,69.7,True,True,499,59,63.7,1789682400000,HIGH,0.0379,1.68,,,,0.0376,6.7,2,0,1,0.03789,0.0376,HIGH_SWEEP,6,0.03782,False,False,0.0947,499,native,68.6,NORMAL,73.29,76.67,True,300,48.0,BEAR,BOS DN,HH/MIX,EQ/RANGE,TR DN,75.0,True,True,498,19,32.0,1789682400000,HIGH,0.03788,0.56,,,,0.03749,4.87,2,0,1,0.0379,0.03749,HIGH_SWEEP,23,0.03788,False,False,0.1901,499,native,59.55,NORMAL,71.27,78.0,True,300,31.5,BULL,BOS UP,LH/LL,HH/MIX,SQZ,83.7,True,True,498,34,51.0,1789675500000,LOW,0.03757,2.71,,,,,,,0,0,0.0379,0.0376,LOW_SWEEP,21,0.03778,False,False,0.2632,499,native,41.52,NORMAL,46.37,59.67,True,300,82.9,BULL,BOS UP,HH/HL,MIX/HL,SQZ,86.2,True,True,498,13,29.8,1789673400000,LOW,0.03757,1.53,0.049025,63.32,2,0.037065,4.39,2,1,1,0.049025,0.037065,LOW_SWEEP,121,0.03752,False,False,0.4674,499,native,61.97,NORMAL,61.71,72.33,True,300,58.0,BEAR,BOS DN,MIX/HL,MIX/HL,RANGE,64.1,True,True,498,45,61.2,1789520400000,HIGH,0.04772,20.5,0.03827,0.91,2,,,,2,0,0.03827,0.03718,LOW_SWEEP,30,0.03718,False,False,1.2755,499,native,33.73,NORMAL,42.62,47.33,True,300,14.5,BEAR,BOS DN,LH/LL,LH/MIX,TR DN,90.7,True,True,498,16,73.5,1789444800000,HIGH,0.04904,8.62,,,,0.036074999999999996,1.36,2,0,1,0.03878,0.036074999999999996,HIGH_SWEEP,24,0.04757,False,False,3.4295,6417,320,759.46,46.1,713.36,88.55,94.28,95.0,UP,20,9,805.56,3.9,60.0,1.0,True,2,523.57,0,0.0,523.57,22.1,0.072,0.227,1.0,0.893,1561.93,1682.06,-120.13,-3.7,48.15,42.5,DOWN,127,75,3243.98,25.0,300.0,1.0,True,2,523.57,1,257.26,266.31,48.0,0.334,0.378,1.0,0.979,8320.51,6497.93,1822.58,12.3,56.15,72.8,UP,541,285,14818.44,72.0,900.0,1.0,True,11,4874.93,8,2068.54,2806.39,67.4,0.59,0.543,1.0,0.993,381.74,1388.69,746.98,21.99,20.07,1.0,206.73,0.2673,-65.92,-0.1016,-0.707,UP,1789685928746,BUY,241.58,0.03783,1789685880000,ok,1.0,1.0,1.0,continuous,1,20,0,,0,0,0,0,False,34,0.03783,0.03784,2.643,-1.062,-0.1431,-0.4816,18823.66,25113.17,51.54,1789685958409,2086,False,,,,
2,v2,v1.2,REALF_PY_V4_2_DERIVED,ZPTDIFAT_PY_V1_4_DERIVED,fc-v1,native,,058e38aec59f4c35,20260918_015707,14,ETH_20260918_015926_805,ETHUSDT,BINANCE,FUTURES,TOP100,2,75000,1789685966805,2026-09-18T01:59:26.805+03:00,-75,True,1789685966805,1789685966805,121.2,1789685940000,1789685999999,False,26.8,2443.69,0.0,54.9,FAIR (DENGE),True,500,57.1,51.7,56.6,50.0,-0.0003,0.26,-0.21,0.00064,0.625,0.03,0.3,60.0,-25.2,YOK,5.4,1.0,2442.955621693556,-0.03,CLV_PROXY_1M,0,0.0,100.0,54.9,56.2,52.4,52.5,-1.3,2.5,2.4,-0.0003,3e-05,-0.00057,-0.00051,34.41,29.28,28.83,36.83,5.13,5.58,-2.42,45.0,49.67,500,native,34.41,NORMAL,45.0,49.67,True,300,39.0,BEAR,BOS DN,MIX/HL,LH/LL,TR DN,75.8,True,True,499,2,71.6,1789685820000,HIGH,2446.79,2.33,2446.865,2.38,2,,,,2,0,2446.865,2441.46,LOW_SWEEP,1,2441.46,True,False,0.0545,499,native,56.96,NORMAL,58.19,66.67,True,300,19.4,TR-DN,CHOCH DN,LH/LL,LH/LL,TR-DN,88.3,True,True,498,15,46.0,1789683120000,HIGH,2452.51,3.24,,,,,,,0,0,2446.94,2436.09,HIGH_SWEEP,49,2453.82,False,False,0.1067,499,native,42.7,NORMAL,48.67,47.67,True,300,19.4,TR-DN,CHOCH DN,LH/LL,LH/LL,TR-DN,87.1,True,True,498,10,29.6,1789682700000,HIGH,2452.51,2.56,,,,2365.835,22.61,2,0,1,2452.51,2365.835,HIGH_SWEEP,29,2453.82,False,False,0.141,499,native,26.71,DINLENMIS,32.25,29.67,True,300,28.1,BULL,BOS UP,LH/LL,MIX/HL,RANGE,80.7,True,True,498,43,66.0,1789646400000,LOW,2435.9,1.08,,,,,,,0,0,2457.92,2443.62,LOW_SWEEP,1,2443.62,True,True,0.3096,499,native,48.31,NORMAL,36.63,28.33,True,300,72.5,BEAR,BOS DN,HH/HL,HH/HL,TR DN,82.5,True,True,498,57,44.7,1789477200000,HIGH,2614.99,9.02,,,,,,,0,0,2484.0,2426.52,EQH_SWEEP,21,2429.45,False,False,0.7747,499,native,52.59,NORMAL,56.48,55.33,True,300,51.2,TR-DN,CHOCH DN,MIX/HL,HH/HL,TR-DN,70.6,True,True,498,12,32.7,1789502400000,HIGH,2614.99,4.23,,,,1862.655,14.38,2,0,2,2614.99,1862.655,HIGH_SWEEP,36,2522.75,False,False,1.6522,210,1888,394404.47,192342.22,202062.24,34.44,67.22,91.2,UP,477,134,586746.69,13.5,60.0,1.0,True,2,164935.96,0,0.0,164935.96,52.9,0.213,0.942,1.0,0.997,6652115.46,5831219.86,820895.59,6.58,53.29,63.1,UP,7147,1534,12483335.32,150.7,300.0,1.0,True,19,4243138.47,15,3250430.35,992708.13,89.2,0.751,1.0,1.0,0.999,7304132.02,6867127.94,437004.08,3.08,51.54,56.3,UP,8766,1888,14171259.96,176.2,400.4,0.4448,False,20,4368859.89,19,3896451.32,472408.57,77.0,0.779,1.0,0.445,1.0,-1857694.38,459247.58,,0.84,1.88,0.3782,558685.2,0.2007,172884.78,0.0692,-0.1305,UP,1789685963329,BUY,86278.47,2444.08,1789685880000,ok,1.0,1.0,1.0,continuous,1,780,0,,0,0,0,0,False,68,2444.08,2444.09,0.041,0.016,0.7921,0.7959,641516.59,74421.49,0.8,1789685966233,572,False,,,,
2,v2,v1.2,REALF_PY_V4_2_DERIVED,ZPTDIFAT_PY_V1_4_DERIVED,fc-v1,native,,058e38aec59f4c35,20260918_015707,15,BNB_20260918_015930_149,BNBUSDT,BINANCE,FUTURES,TOP100,4,25000,1789685970149,2026-09-18T01:59:30.149+03:00,-75,True,1789685970106,1789685970149,121.4,1789685940000,1789685999999,False,30.1,735.88,0.0095,51.3,FAIR (DENGE),True,500,51.8,52.7,49.3,50.1,-0.00038,-0.0,-0.11,0.0005,0.664,0.16,6.3,55.0,2.3,YOK,3.4,0.824,735.5992939943962,-0.038,CLV_PROXY_1M,0,0.0,100.0,51.3,49.2,49.4,54.6,2.1,1.9,-3.3,-0.00038,-3e-05,-0.00023,-8e-05,42.4,37.09,42.72,59.42,5.31,-0.32,-17.02,56.28,51.33,500,native,42.4,NORMAL,56.28,51.33,True,300,67.3,BULL,BOS UP,MIX/HL,MIX/HL,RANGE,74.8,True,True,499,23,66.3,1789684560000,LOW,734.18,4.81,,,,727.475,23.79,2,0,1,736.18,727.475,HIGH_SWEEP,57,734.69,False,False,0.048,499,native,71.9,NORMAL,68.81,72.0,True,300,76.7,BULL,BOS UP,HH/MIX,HH/HL,TR UP,76.9,True,True,498,7,73.9,1789684560000,LOW,733.95,3.12,,,,733.985,3.07,2,0,2,736.23,733.985,HIGH_SWEEP,5,735.56,False,False,0.084,499,native,71.15,NORMAL,75.03,79.33,True,300,59.0,BULL,BOS UP,MIX/LL,HH/MIX,TR UP,75.7,True,True,498,4,69.4,1789684500000,LOW,734.32,1.84,,,,718.6600000000001,20.35,2,0,1,735.56,718.6600000000001,HIGH_SWEEP,3,735.56,False,False,0.115,499,native,70.94,NORMAL,68.14,73.0,True,300,87.1,BULL,BOS UP,HH/HL,HH/MIX,TR UP,92.8,True,True,498,13,62.5,1789673400000,LOW,727.74,4.92,,,,,,,0,0,737.15,727.74,HIGH_SWEEP,23,730.21,False,False,0.2249,499,native,87.17,ASIRI,89.11,94.67,True,300,76.4,BULL,BOS UP,HH/MIX,HH/MIX,RANGE,76.1,True,True,498,2,47.2,1789675200000,LOW,721.24,3.61,,,,,,,0,0,732.95,721.24,HIGH_SWEEP,10,729.58,False,False,0.5529,499,native,79.09,YORGUN,88.98,91.0,True,300,41.2,BULL,BOS UP,LH/LL,HH/HL,RANGE,86.1,True,True,498,2,31.3,1789646400000,LOW,704.34,3.61,,,,,,,0,0,725.94,704.34,HIGH_SWEEP,4,725.94,False,False,1.1923,904,1282,16194.71,25879.98,-9685.27,-23.02,38.49,14.9,DOWN,267,64,42074.69,4.1,60.0,1.0,True,0,0.0,0,0.0,0.0,31.2,0.075,0.656,1.0,0.985,369415.5,461101.21,-91685.71,-11.04,44.48,29.1,DOWN,3017,572,830516.71,42.4,300.0,1.0,True,4,130490.84,3,195147.42,-64656.58,72.7,0.459,0.98,1.0,0.997,817101.48,1086357.31,-269255.82,-14.15,42.93,24.5,DOWN,6525,1282,1903458.79,108.5,674.1,0.7489,False,6,237432.11,8,427417.15,-189985.04,81.1,0.685,1.0,0.749,0.999,-247209.17,43144.34,,-51.04,2.34,0.6823,51762.16,0.2854,-9931.64,-0.0598,-0.7408,UP,1789685880964,BUY,34460.85,735.4001749893298,1789685880000,ok,1.0,1.0,1.0,continuous,1,231,0,,0,0,0,0,False,102,735.88,735.89,0.136,-0.015,0.2862,0.1634,147042.29,81600.33,2.79,1789685969756,393,False,,,,
2,v2,v1.2,REALF_PY_V4_2_DERIVED,ZPTDIFAT_PY_V1_4_DERIVED,fc-v1,native,,058e38aec59f4c35,20260918_015707,16,XRP_20260918_015933_247,XRPUSDT,BINANCE,FUTURES,TOP100,5,25000,1789685973247,2026-09-18T01:59:33.247+03:00,-75,True,1789685973207,1789685973247,121.4,1789685940000,1789685999999,False,33.2,1.2948,0.0077,44.9,FAIR (DENGE),True,500,44.1,40.6,49.9,49.4,0.00283,0.71,0.42,0.00115,0.572,0.17,12.3,50.0,14.1,YOK,9.2,1.0,1.2984662491402152,0.283,CLV_PROXY_1M,0,0.0,100.0,44.9,41.3,41.8,41.7,3.6,3.1,3.2,0.00283,-0.00022,-0.00069,-0.00079,54.0,45.42,40.34,53.92,8.58,13.66,0.08,69.72,84.0,500,native,54.0,NORMAL,69.72,84.0,True,300,71.6,BULL,BOS UP,HH/MIX,HH/MIX,RANGE,72.9,True,True,499,11,50.5,1789685280000,LOW,1.2921,2.26,,,,,,,0,0,1.2957,1.2918,LOW_SWEEP,8,1.2921,False,False,0.0925,499,native,72.98,YORGUN,74.7,83.0,True,300,35.4,TR-UP,CHOCH UP,LH/LL,HH/MIX,TR-UP,90.3,True,True,498,4,32.8,1789685100000,LOW,1.2867,3.69,,,,,,,0,0,1.2943,1.2867,HIGH_SWEEP,2,1.2943,False,False,0.17,499,native,59.58,NORMAL,70.79,81.0,True,300,15.7,TR-DN,CHOCH DN,LH/LL,LH/LL,TR-DN,91.4,True,True,498,12,73.2,1789682100000,HIGH,1.2968,0.74,,,,,,,0,0,1.2968,1.2867,LOW_SWEEP,4,1.293,False,False,0.2095,499,native,34.83,NORMAL,48.17,56.67,True,300,11.0,BEAR,BOS DN,LH/LL,MIX/LL,SQZ,87.1,True,True,498,4,55.8,1789681500000,HIGH,1.3002,1.1,,,,,,,0,0,1.3002,1.2918,LOW_SWEEP,3,1.2918,False,False,0.3794,499,native,31.51,NORMAL,29.83,26.67,True,300,69.3,BEAR,BOS DN,HH/HL,HH/HL,RANGE,82.2,True,True,498,33,35.2,1789563600000,HIGH,1.312,1.38,,,,,,,0,0,1.3201,1.2888,HIGH_SWEEP,10,1.3096,False,True,0.9651,499,native,36.87,NORMAL,41.39,43.0,True,300,46.3,TR-DN,CHOCH DN,HH/MIX,HH/MIX,TR-DN,75.8,True,True,498,13,73.1,1789488000000,HIGH,1.4916,6.01,1.5507,7.82,2,0.98775,9.38,2,1,1,1.5507,0.98775,EQH_SWEEP,55,1.43175,False,False,2.5282,1242,1393,73221.73,109400.94,-36179.21,-19.81,40.09,17.8,DOWN,797,103,182622.67,10.0,60.0,1.0,True,0,0.0,3,87475.13,-87475.13,45.9,0.167,0.815,1.0,0.979,1952756.5,1184134.9,768621.6,24.5,62.25,86.2,UP,5654,669,3136891.41,66.5,300.0,1.0,True,26,1358961.64,11,778973.02,579988.62,79.9,0.571,1.0,1.0,0.996,2854308.45,3697390.3,-843081.85,-12.87,43.57,26.3,DOWN,12555,1393,6551698.76,138.4,686.4,0.7627,False,34,1718413.27,37,2658150.14,-939736.87,83.7,0.735,1.0,0.763,0.999,-909200.61,-47237.37,,-27.89,-1.07,0.696,325007.7,0.3507,179776.67,0.2866,-0.0416,UP,1789685966232,SELL,26493.4,1.2949,1789685880000,ok,1.0,1.0,1.0,continuous,1,367,0,,0,0,0,0,False,136,1.2947,1.2948,0.772,0.317,0.0758,0.1903,1273037.78,1093697.64,15.06,1789685972851,396,False,,,,
2,v2,v1.2,REALF_PY_V4_2_DERIVED,ZPTDIFAT_PY_V1_4_DERIVED,fc-v1,native,,058e38aec59f4c35,20260918_015707,17,DOGE_20260918_015937_450,DOGEUSDT,BINANCE,FUTURES,TOP100,12,15000,1789685977450,2026-09-18T01:59:37.450+03:00,-75,True,1789685977309,1789685977450,122.1,1789685940000,1789685999999,False,37.3,0.08149,0.0368,40.1,PRICE LAG,True,500,37.4,40.8,41.5,47.4,0.00223,1.1,1.37,0.00103,0.728,0.36,31.3,60.0,19.5,YOK,4.1,1.0,0.08167205472483116,0.223,CLV_PROXY_1M,0,0.0,100.0,40.1,38.0,36.1,43.2,2.1,4.0,-3.1,0.00223,-9e-05,-0.00028,0.00016,50.29,37.4,28.64,38.58,12.89,21.65,11.71,76.09,90.33,500,native,50.29,NORMAL,76.09,90.33,True,300,56.8,BEAR,BOS DN,HH/HL,LH/LL,RANGE,85.8,True,True,499,8,60.4,1789685460000,HIGH,0.0815,0.16,,,,0.08114,5.66,2,0,1,0.0815,0.08114,HIGH_SWEEP,12,0.08148,False,False,0.0759,499,native,63.77,NORMAL,72.17,80.67,True,300,19.5,TR-DN,CHOCH DN,LH/LL,LH/MIX,TR-DN,89.3,True,True,498,21,86.6,1789682040000,HIGH,0.08187,3.43,,,,,,,0,0,0.08187,0.08114,LOW_SWEEP,27,0.0816,False,False,0.136,499,native,48.31,NORMAL,62.9,66.67,True,300,17.7,TR-DN,CHOCH DN,LH/LL,LH/LL,TR-DN,86.5,True,True,498,12,67.8,1789682100000,HIGH,0.08187,2.85,,,,0.07986,12.22,2,0,1,0.08187,0.07986,HIGH_SWEEP,37,0.08179,False,False,0.1639,499,native,29.94,DINLENMIS,40.55,44.67,True,300,60.3,BULL,BOS UP,MIX/HL,LH/LL,SQZ,71.9,True,True,498,35,56.8,1789653600000,LOW,0.08054,3.54,,,,0.080555,3.48,2,0,1,0.08195,0.080555,HIGH_SWEEP,33,0.08179,False,False,0.3298,499,native,61.49,NORMAL,51.56,57.0,True,300,84.4,BULL,BOS UP,HH/HL,MIX/HL,RANGE,87.4,True,True,498,14,49.0,1789632000000,LOW,0.07828,4.76,,,,,,,0,0,0.08253,0.08054,HIGH_SWEEP,13,0.08134,False,False,0.8284,499,native,55.51,NORMAL,58.31,69.33,True,300,46.8,BEAR,BOS DN,HH/MIX,HH/MIX,TR DN,73.2,True,True,498,14,26.7,1789473600000,HIGH,0.08616,3.23,,,,0.07835,2.17,2,0,1,0.08616,0.07835,HIGH_SWEEP,18,0.08534,False,False,1.772,508,1216,100763.2,6942.39,93820.81,87.11,93.55,95.0,UP,308,63,107705.59,6.2,60.0,1.0,True,4,82690.23,0,0.0,82690.23,38.1,0.111,0.758,1.0,0.992,591291.23,314645.69,276645.53,30.54,65.27,89.7,UP,2322,379,905936.92,36.6,300.0,1.0,True,16,451301.52,3,128369.86,322931.66,70.6,0.422,0.989,1.0,0.998,1302307.46,1035680.97,266626.49,11.4,55.7,71.4,UP,6812,1130,2337988.43,117.1,900.0,1.0,True,32,861237.67,15,502170.81,359066.86,86.7,0.701,1.0,1.0,0.999,-156790.88,92462.42,58627.3,22.14,4.12,1.0,123568.56,0.4812,55705.01,0.3074,-0.2989,UP,1789685976942,BUY,24574.94,0.08149,1789685880000,ok,1.0,1.0,1.0,continuous,1,187,0,,0,0,0,0,False,170,0.08148,0.08149,1.227,-0.146,-0.1104,-0.1286,769433.78,960331.2,23.93,1789685976932,518,False,,AGGRESSIVE_BUYER,,
2,v2,v1.2,REALF_PY_V4_2_DERIVED,ZPTDIFAT_PY_V1_4_DERIVED,fc-v1,native,,058e38aec59f4c35,20260918_015707,18,LINK_20260918_015943_583,LINKUSDT,BINANCE,FUTURES,TOP100,17,10000,1789685983583,2026-09-18T01:59:43.583+03:00,-75,True,1789685980643,1789685983583,124.9,1789685940000,1789685999999,False,40.6,11.36,0.044,60.2,PRICE AHEAD,True,500,64.9,55.2,59.4,53.3,-0.00189,1.53,0.6,0.00099,0.639,0.39,47.0,35.0,5.1,YOK,9.7,1.0,11.338602140919924,-0.188,CLV_PROXY_1M,0,0.0,100.0,60.2,60.6,52.6,53.8,-0.4,7.6,6.4,-0.00189,-6e-05,-0.00149,-0.00155,55.51,44.38,35.24,35.37,11.13,20.27,20.14,78.72,88.0,500,native,55.51,NORMAL,78.72,88.0,True,300,44.2,BEAR,BOS DN,MIX/HL,HH/MIX,RANGE,75.5,True,True,499,8,57.0,1789685460000,HIGH,11.357,-0.27,,,,,,,1,0,11.3565,11.334,LOW_SWEEP,4,11.334,False,False,0.0966,499,native,72.74,YORGUN,78.03,86.0,True,300,17.1,TR-DN,CHOCH DN,LH/LL,HH/HL,TR-DN,89.3,True,True,498,14,74.4,1789683300000,HIGH,11.378,0.9,,,,11.100999999999999,12.98,2,0,1,11.378,11.100999999999999,HIGH_SWEEP,39,11.379,False,False,0.176,499,native,59.67,NORMAL,73.8,80.0,True,300,18.6,TR-DN,CHOCH DN,LH/LL,LH/LL,TR-DN,86.4,True,True,498,8,38.0,1789683300000,HIGH,11.378,0.69,,,,,,,0,0,11.378,11.25,LOW_SWEEP,19,11.33,False,False,0.2315,499,native,45.19,NORMAL,64.86,74.0,True,300,31.2,BULL,BOS UP,LH/LL,MIX/LL,SQZ,84.8,True,True,498,35,61.0,1789653600000,LOW,11.089,5.06,11.428,1.27,2,11.0905,5.03,2,1,1,11.428,11.0905,HIGH_SWEEP,33,11.34,False,False,0.4721,499,native,73.4,YORGUN,68.53,78.33,True,300,70.2,BEAR,BOS DN,HH/HL,MIX/HL,TR DN,81.3,True,True,498,39,42.9,1789542000000,HIGH,11.501,1.24,12.7855,12.56,2,,,,1,0,12.7855,11.089,LOW_SWEEP,29,10.67,False,False,1.0028,499,native,61.18,NORMAL,68.69,74.67,True,300,17.0,BEAR,BOS DN,LH/LL,HH/MIX,RANGE,86.2,True,True,498,13,24.8,1789488000000,HIGH,11.961,2.5,,,,8.062,13.7,2,0,1,11.961,8.062,EQH_SWEEP,81,12.035499999999999,False,False,2.1275,-859,915,31870.43,7323.06,24547.37,62.63,81.32,94.7,UP,163,36,39193.48,5.8,60.0,1.0,True,1,10383.59,0,0.0,10383.59,35.4,0.103,0.648,1.0,1.0,364310.21,187193.27,177116.94,32.12,66.06,90.4,UP,1916,338,551503.49,99.4,300.0,1.0,True,9,205288.63,0,0.0,205288.63,83.3,0.665,0.935,1.0,1.0,701413.97,547330.01,154083.96,12.34,56.17,72.9,UP,4693,847,1248743.98,175.7,900.0,1.0,True,16,328086.83,7,138097.15,189989.68,90.5,0.778,1.0,1.0,1.0,-107487.1,28235.99,33919.76,-4.58,1.97,1.0,59327.23,0.5913,34325.6,0.3112,0.1186,NONE,1789685963023,BUY,10383.59,11.357,1789685880000,ok,1.0,1.0,1.0,continuous,1,122,0,,0,0,0,0,False,204,11.359,11.36,0.88,-0.118,-0.2875,0.0499,172579.51,311848.22,17.17,1789685980248,3335,False,,AGGRESSIVE_BUYER,,
2,v2,v1.2,REALF_PY_V4_2_DERIVED,ZPTDIFAT_PY_V1_4_DERIVED,fc-v1,native,,058e38aec59f4c35,20260918_015707,19,ADA_20260918_015948_019,ADAUSDT,BINANCE,FUTURES,TOP100,19,10000,1789685988019,2026-09-18T01:59:48.019+03:00,-75,True,1789685987681,1789685988019,125.3,1789685940000,1789685999999,False,47.7,0.201,0.0,55.1,FAIR (DENGE),True,500,56.1,56.3,52.6,52.9,-0.00256,0.73,0.51,0.00123,0.576,0.88,68.7,40.0,0.2,YOK,3.7,1.0,0.2004857493270215,-0.256,CLV_PROXY_1M,0,0.0,100.0,55.1,56.3,53.2,57.8,-1.2,1.9,-2.7,-0.00256,5e-05,-0.00104,-0.00037,48.04,37.15,22.45,37.06,10.89,25.59,10.98,69.66,82.33,500,native,48.04,NORMAL,69.66,82.33,True,300,40.0,BEAR,BOS DN,MIX/HL,LH/LL,TR DN,78.8,True,True,499,4,78.0,1789685700000,HIGH,0.2012,0.74,0.2012,0.74,2,,,,3,0,0.2012,0.2006,LOW_SWEEP,38,0.2,False,False,0.134,499,native,67.03,NORMAL,73.3,82.0,True,300,15.8,BEAR,BOS DN,LH/LL,HH/HL,TR DN,92.3,True,True,498,23,94.0,1789681680000,HIGH,0.2024,3.17,,,,,,,0,0,0.2008,0.1997,HIGH_SWEEP,2,0.2008,False,False,0.2205,499,native,48.86,NORMAL,60.72,60.33,True,300,16.9,TR-DN,CHOCH DN,LH/LL,LH/LL,TR-DN,91.4,True,True,498,12,54.9,1789682100000,HIGH,0.2024,2.56,,,,0.1903,19.54,2,0,1,0.202,0.1903,HIGH_SWEEP,69,0.2028,False,False,0.2729,499,native,26.53,DINLENMIS,36.77,37.33,True,300,44.4,BULL,BOS UP,LH/MIX,LH/MIX,SQZ,74.2,True,True,498,34,79.1,1789654500000,LOW,0.1972,3.76,,,,0.1972,3.76,2,0,2,0.2027,0.1972,HIGH_SWEEP,32,0.2022,False,False,0.5036,499,native,66.33,NORMAL,53.29,60.0,True,300,66.6,TR-UP,CHOCH UP,HH/MIX,MIX/HL,TR-UP,72.5,True,True,498,16,61.8,1789624800000,LOW,0.1901,4.82,,,,,,,0,0,0.2042,0.1901,EQH_SWEEP,21,0.19690000000000002,False,False,1.1263,499,native,56.77,NORMAL,62.05,74.0,True,300,16.9,BEAR,BOS DN,LH/LL,LH/LL,RANGE,83.9,True,True,498,13,45.7,1789488000000,HIGH,0.2159,3.16,,,,,,,0,0,0.2159,0.1901,LOW_SWEEP,50,0.2148,False,False,2.3368,1798,739,44693.02,42146.96,2546.07,2.93,51.47,56.0,FLAT,319,58,86839.98,4.5,60.0,1.0,True,2,39825.72,2,39480.95,344.77,33.5,0.083,0.735,1.0,0.97,278460.89,127755.09,150705.8,37.1,68.55,92.0,UP,1440,256,406215.98,15.3,300.0,1.0,True,10,245680.22,4,85897.84,159782.38,54.3,0.235,0.902,1.0,0.994,661953.07,541300.68,120652.4,10.03,55.01,69.2,UP,3981,676,1203253.75,45.9,900.0,1.0,True,20,525522.82,16,400530.13,124992.69,74.4,0.478,1.0,1.0,0.998,-139526.56,1190.46,-855.79,-28.28,-4.17,1.0,62668.21,0.5236,35070.0,0.4317,-0.1722,UP,1789685964066,SELL,25612.02,0.201,1789685880000,ok,1.0,1.0,1.0,continuous,1,125,0,,0,0,0,0,False,238,0.2009,0.201,4.976,1.924,0.1569,0.2439,2425860.99,1767857.56,97.04,1789685987335,684,False,,,,
2,v2,v1.2,REALF_PY_V4_2_DERIVED,ZPTDIFAT_PY_V1_4_DERIVED,fc-v1,native,,058e38aec59f4c35,20260918_015707,20,LTC_20260918_015951_591,LTCUSDT,BINANCE,FUTURES,TOP100,25,10000,1789685991591,2026-09-18T01:59:51.591+03:00,-75,True,1789685991178,1789685991591,124.7,1789685940000,1789685999999,False,51.2,53.84,-0.0186,49.5,FAIR (DENGE),True,500,48.8,51.9,47.7,50.0,-0.00044,-0.0,0.39,0.00086,0.562,0.02,0.3,60.0,-21.1,YOK,4.2,0.358,53.81613363192911,-0.044,CLV_PROXY_1M,0,0.0,100.0,49.5,52.2,56.9,60.6,-2.7,-7.4,-11.1,-0.00044,0.00017,0.00048,0.00068,30.99,26.83,24.87,34.98,4.16,6.12,-3.99,41.12,39.67,500,native,30.99,NORMAL,41.12,39.67,True,300,43.1,BEAR,BOS DN,MIX/HL,MIX/HL,RANGE,71.2,True,True,499,8,60.4,1789685460000,HIGH,53.93,2.31,53.93,2.31,2,,,,1,0,53.93,53.85,HIGH_SWEEP,72,53.88,False,False,0.0722,499,native,59.38,NORMAL,59.07,59.67,True,300,44.7,TR-DN,CHOCH DN,HH/MIX,LH/LL,TR-DN,78.7,True,True,498,11,70.6,1789683840000,HIGH,53.98,1.84,,,,,,,0,0,53.98,53.59,LOW_SWEEP,12,53.69,False,False,0.1413,499,native,52.09,NORMAL,57.63,49.33,True,300,58.3,BULL,BOS UP,HH/MIX,MIX/LL,RANGE,68.7,True,True,498,39,25.5,1789674000000,LOW,53.39,4.26,,,,50.21,34.39,2,0,2,53.98,50.21,HIGH_SWEEP,15,53.96,False,False,0.196,499,native,56.55,NORMAL,53.61,56.0,True,300,62.2,BULL,BOS UP,MIX/HL,MIX/HL,RANGE,75.4,True,True,498,34,42.9,1789654500000,LOW,52.51,6.47,53.989999999999995,0.73,3,,,,1,0,53.989999999999995,53.39,HIGH_SWEEP,33,53.11,False,False,0.3813,499,native,79.11,YORGUN,72.51,78.67,True,300,65.0,TR-UP,CHOCH UP,MIX/HL,HH/HL,TR-UP,63.2,True,True,498,11,40.7,1789642800000,LOW,50.13,8.5,,,,,,,0,0,52.81,52.46,HIGH_SWEEP,13,52.81,False,False,0.8098,499,native,71.42,NORMAL,81.26,87.67,True,300,51.0,TR-DN,CHOCH DN,HH/MIX,LH/LL,TR-DN,72.3,True,True,498,12,38.2,1789502400000,HIGH,55.24,1.6,,,,,,,0,0,55.24,50.13,HIGH_SWEEP,28,54.28,False,False,1.617,1349,476,441.52,341.88,99.63,12.72,56.36,73.5,UP,24,17,783.4,5.9,60.0,1.0,True,0,0.0,0,0.0,0.0,25.8,0.105,0.223,1.0,0.978,84373.36,111922.91,-27549.55,-14.03,42.98,24.6,DOWN,684,145,196296.27,18.6,300.0,1.0,True,3,41419.65,3,50630.93,-9211.28,55.9,0.271,0.823,1.0,0.996,194342.45,302958.16,-108615.72,-21.84,39.08,15.9,DOWN,1780,429,497300.61,30.9,900.0,1.0,True,6,81172.44,7,169279.7,-88107.27,66.4,0.382,0.924,1.0,0.999,-42501.06,-2369.79,-10915.22,-15.37,-0.8,1.0,10713.6,0.2421,-4634.28,-0.118,-0.7081,UP,1789685881105,BUY,12331.24,53.84,1789685880000,ok,1.0,1.0,1.0,continuous,1,56,0,,0,0,0,0,False,272,53.84,53.85,1.857,0.169,0.0335,0.0073,892958.6,835039.82,36.22,1789685990787,804,False,,,,
2,v2,v1.2,REALF_PY_V4_2_DERIVED,ZPTDIFAT_PY_V1_4_DERIVED,fc-v1,native,,058e38aec59f4c35,20260918_015707,21,AVAX_20260918_015954_899,AVAXUSDT,BINANCE,FUTURES,TOP100,31,5000,1789685994899,2026-09-18T01:59:54.899+03:00,-75,True,1789685994694,1789685994899,123.9,1789685940000,1789685999999,False,54.7,7.596,0.0791,52.8,FAIR (DENGE),True,500,52.4,55.5,51.1,51.6,-0.00116,1.53,1.44,0.00108,0.704,0.83,68.0,60.0,7.8,YOK,4.4,1.0,7.5872220467559535,-0.116,CLV_PROXY_1M,0,0.0,100.0,52.8,51.2,54.3,54.2,1.6,-1.5,-1.4,-0.00116,-9e-05,-9e-05,-3e-05,62.98,52.42,45.63,55.62,10.56,17.35,7.36,84.49,95.0,500,native,62.98,NORMAL,84.49,95.0,True,300,84.5,TR-UP,CHOCH UP,HH/HL,MIX/HL,TR-UP,89.3,True,True,499,11,79.1,1789685280000,LOW,7.545,8.43,,,,,,,0,0,7.593,7.576,HIGH_SWEEP,12,7.587,False,False,0.0797,499,native,70.79,NORMAL,80.67,86.0,True,300,19.2,BEAR,BOS DN,LH/LL,LH/LL,TR DN,87.9,True,True,498,22,54.5,1789681860000,HIGH,7.615,1.76,,,,,,,0,0,7.615,7.545,HIGH_SWEEP,39,7.624,False,False,0.1428,499,native,51.45,NORMAL,68.74,71.67,True,300,12.4,BEAR,BOS DN,LH/LL,LH/LL,RANGE,86.8,True,True,498,8,63.1,1789683300000,HIGH,7.615,1.43,,,,,,,0,0,7.615,7.545,LOW_SWEEP,11,7.569,False,False,0.1847,499,native,33.23,NORMAL,49.13,52.67,True,300,41.5,BULL,BOS UP,LH/MIX,HH/MIX,SQZ,67.4,True,True,498,41,14.8,1789648200000,LOW,7.514,3.02,7.648,1.92,2,,,,1,0,7.648,7.569,LOW_SWEEP,1,7.569,True,False,0.3577,499,native,59.42,NORMAL,54.66,59.67,True,300,72.6,BEAR,BOS DN,HH/HL,MIX/HL,TR DN,81.7,True,True,498,56,46.7,1789480800000,HIGH,7.8,3.15,8.192,9.2,3,7.186,6.33,2,1,1,8.192,7.186,EQL_SWEEP,29,7.186,False,False,0.8538,499,native,73.66,YORGUN,75.62,83.67,True,300,46.8,TR-DN,CHOCH DN,HH/MIX,LH/MIX,TR-DN,73.8,True,True,498,8,50.3,1789560000000,HIGH,7.8,1.48,,,,7.173500000000001,3.04,2,0,1,7.8,7.173500000000001,LOW_SWEEP,13,7.243,False,False,1.828,1325,680,31667.81,5109.76,26558.06,72.21,86.11,94.9,UP,185,42,36777.57,5.8,60.0,1.0,True,2,19335.68,0,0.0,19335.68,35.3,0.104,0.641,1.0,0.978,137555.29,71549.22,66006.07,31.57,65.78,90.2,UP,963,192,209104.5,29.0,300.0,1.0,True,7,78557.1,2,31460.0,47097.11,63.3,0.367,0.83,1.0,0.996,348267.13,289241.54,59025.59,9.26,54.63,67.9,UP,3309,617,637508.68,95.2,900.0,1.0,True,17,196885.51,12,122878.48,74007.03,83.2,0.656,0.951,1.0,0.999,-22800.42,35710.49,16568.4,12.68,7.57,1.0,21970.59,0.3906,11827.56,0.2828,0.0304,NONE,1789685962039,BUY,10651.58,7.592,1789685880000,ok,1.0,1.0,1.0,continuous,1,107,0,,0,0,0,0,False,306,7.596,7.597,1.316,0.556,0.026,0.1119,239940.02,227793.82,25.67,1789685994304,595,False,,AGGRESSIVE_BUYER,,
2,v2,v1.2,REALF_PY_V4_2_DERIVED,ZPTDIFAT_PY_V1_4_DERIVED,fc-v1,native,,058e38aec59f4c35,20260918_015707,22,SUI_20260918_015958_409,SUIUSDT,BINANCE,FUTURES,TOP100,35,5000,1789685998409,2026-09-18T01:59:58.409+03:00,-75,True,1789685997948,1789685998409,121.4,1789685940000,1789685999999,False,57.9,0.7349,0.0272,50.1,FAIR (DENGE),True,500,50.9,45.2,54.3,50.0,0.0018,1.76,1.2,0.00151,0.691,0.92,81.7,55.0,5.4,YOK,9.1,0.026,0.736222741546316,0.18,CLV_PROXY_1M,0,0.0,100.0,50.1,49.7,45.9,45.3,0.4,4.2,4.8,0.0018,-7e-05,-0.00107,-0.00142,50.81,37.71,21.61,25.88,13.1,29.2,24.93,78.25,88.67,500,native,50.81,NORMAL,78.25,88.67,True,300,38.8,BEAR,BOS DN,MIX/HL,MIX/LL,EXP DN,76.3,True,True,499,8,88.8,1789685460000,HIGH,0.7348,-0.11,,,,0.7293,6.1,2,0,1,0.7348,0.7293,LOW_SWEEP,46,0.7315,False,False,0.1249,499,native,64.69,NORMAL,74.08,80.67,True,300,20.6,TR-DN,CHOCH DN,LH/LL,MIX/HL,TR-DN,91.0,True,True,498,24,76.3,1789681500000,HIGH,0.7375,1.76,,,,0.7292,3.65,2,0,3,0.7351,0.7292,HIGH_SWEEP,39,0.7357,False,False,0.2094,499,native,50.92,NORMAL,68.48,69.0,True,300,13.6,BEAR,BOS DN,LH/LL,LH/LL,RANGE,83.3,True,True,498,3,37.5,1789684800000,HIGH,0.7365,0.8,,,,0.71575,9.53,2,0,2,0.7365,0.71575,EQL_SWEEP,7,0.7296,False,False,0.2744,499,native,47.43,NORMAL,59.7,59.33,True,300,50.9,BULL,BOS UP,LH/MIX,HH/HL,SQZ,73.2,True,True,498,22,54.6,1789665300000,LOW,0.7223,3.6,,,,0.7289,1.7,2,0,1,0.7375,0.7289,HIGH_SWEEP,27,0.7351,False,False,0.4736,499,native,79.29,YORGUN,73.66,84.33,True,300,73.3,BEAR,BOS DN,HH/HL,HH/HL,TR DN,84.9,True,True,498,56,50.4,1789480800000,HIGH,0.7479,1.65,0.8336,12.53,2,,,,2,0,0.8336,0.7157,LOW_SWEEP,29,0.6814,False,False,1.0757,499,native,75.74,YORGUN,79.55,91.0,True,300,59.7,BEAR,BOS DN,HH/HL,MIX/HL,TR DN,78.3,True,True,498,12,25.5,1789502400000,HIGH,0.7479,0.79,,,,,,,0,0,0.7479,0.6773,LOW_SWEEP,14,0.692,False,False,2.26,4991,1175,72413.44,65801.19,6612.25,4.78,52.39,59.6,UP,339,60,138214.64,9.5,60.0,1.0,True,4,60606.07,6,60939.97,-333.9,44.3,0.16,0.785,1.0,0.917,578444.0,245761.68,332682.31,40.36,70.18,92.8,UP,2589,362,824205.68,77.5,300.0,1.0,True,34,486621.11,13,117021.18,369599.93,81.3,0.608,0.979,1.0,0.983,1246689.87,1103697.01,142992.86,6.08,53.04,62.1,UP,7315,1078,2350386.88,202.4,900.0,1.0,True,84,1017035.82,58,759240.98,257794.84,91.5,0.802,1.0,1.0,0.994,-364094.21,22670.98,48532.97,-40.3,-1.56,1.0,143995.19,0.6707,77237.46,0.4686,-0.2127,UP,1789685982335,SELL,7100.24,0.7349,1789685880000,ok,1.0,1.0,1.0,continuous,1,173,0,,0,0,0,0,False,340,0.7349,0.735,1.361,0.056,-0.1742,-0.0999,312735.39,444698.07,26.53,1789685997593,816,False,,,,
